experiment_id,parent_experiment,git_commit,dataset_checksum,code_version,feature_version,model_version,parameters_hash,number_of_trials,training_metrics,validation_metrics,robustness_metrics,prop_metrics,decision,rejection_reason,auditor_comments,status,preregistration_hash,config_checksum,last_event_type,last_event_hash
QRP-C1-BL001,,e2b912474454a307650f4f74d4a847a44257590a,45123acab32679cb426e283ddaae560c6d3b86ca04ba71599d207c14a8ad2bff,89e1b57b3bfe05e4b49e3f9500952eeeca41ef2d5bc6725ea7cfb74806173105,BUY_AND_HOLD,NOT_APPLICABLE_BASELINE_RULE,d1663a4f59d4b1a77dade3eb69f3c8aabb1c9e85cfafb36fc25312580cb61169,1,NOT_APPLICABLE_FIXED_RULE,"{""ambiguous_trade_count"":0,""average_trade_usd"":""22959.00000000"",""ending_balance_usd"":""72959.00000000"",""exposure_bar_fraction"":1.0,""gross_pnl_usd"":""23157.20000000"",""max_equity_drawdown_usd"":""5920.40000000"",""median_trade_usd"":""22959.00000000"",""net_pnl_usd"":""22959.00000000"",""net_return_percent"":45.918,""positive_year_fraction"":1.0,""profit_factor"":""INF"",""top_five_positive_trade_fraction"":1.0,""total_cost_usd"":""198.20000000"",""trade_count"":1,""turnover_reference_price_units"":""35815.20000000"",""win_rate"":1.0,""yearly_net_pnl_usd"":{""2026"":""22959.00000000""}}","{""NORMALIZED_HIGH_COST"":{""net_pnl_usd"":""22661.20000000""},""NORMALIZED_LOW_COST"":{""net_pnl_usd"":""23154.70000000""},""NORMALIZED_MEDIUM_COST"":{""net_pnl_usd"":""22959.00000000""}}",NOT_RUN_PHASE_G,REFERENCE_ONLY_NOT_PROMOTABLE,Market-exposure control is not an alpha candidate,No automatic promotion; all history is exposed research pool. Code digest differs from STARTED only because sha256_paths included absolute rather than relative path strings; file bytes are reconciled.,COMPLETED,d1663a4f59d4b1a77dade3eb69f3c8aabb1c9e85cfafb36fc25312580cb61169,ad90631c6fefd694141d552d5e6f6c4e8afd48245236063869d89297e1f1c598,COMPLETED,458a571d791cb8a96f54c6a7653910b33dc19779789a4e43cca13c196993ff07
QRP-C1-BL002,,e2b912474454a307650f4f74d4a847a44257590a,45123acab32679cb426e283ddaae560c6d3b86ca04ba71599d207c14a8ad2bff,89e1b57b3bfe05e4b49e3f9500952eeeca41ef2d5bc6725ea7cfb74806173105,MOMENTUM_20D_HOLD_5,NOT_APPLICABLE_BASELINE_RULE,4759c5a2bf73154d7c2ea2330b18bb4e4407c05db7cf18ca12d1f560f90c52b8,1,NOT_APPLICABLE_FIXED_RULE,"{""ambiguous_trade_count"":0,""average_trade_usd"":""62.21987578"",""ending_balance_usd"":""70034.80000000"",""exposure_bar_fraction"":0.999482669425763,""gross_pnl_usd"":""21805.80000000"",""max_equity_drawdown_usd"":""3605.60000000"",""median_trade_usd"":""91.65000000"",""net_pnl_usd"":""20034.80000000"",""net_return_percent"":40.0696,""positive_year_fraction"":1.0,""profit_factor"":1.4314655330219257,""top_five_positive_trade_fraction"":0.10883102072993316,""total_cost_usd"":""1771.00000000"",""trade_count"":322,""turnover_reference_price_units"":""9801895.20000000"",""win_rate"":0.5993788819875776,""yearly_net_pnl_usd"":{""2019"":""1483.30000000"",""2020"":""2222.30000000"",""2021"":""1719.10000000"",""2022"":""1821.50000000"",""2023"":""1037.50000000"",""2024"":""2601.30000000"",""2025"":""5378.80000000"",""2026"":""3771.00000000""}}","{""NORMALIZED_HIGH_COST"":{""net_pnl_usd"":""17217.30000000""},""NORMALIZED_LOW_COST"":{""net_pnl_usd"":""21000.80000000""},""NORMALIZED_MEDIUM_COST"":{""net_pnl_usd"":""20034.80000000""}}",NOT_RUN_PHASE_G,SURVIVES_PHASE_G_NOT_CHAMPION,Passes frozen baseline controls; later robustness still required,No automatic promotion; all history is exposed research pool. Code digest differs from STARTED only because sha256_paths included absolute rather than relative path strings; file bytes are reconciled.,COMPLETED,4759c5a2bf73154d7c2ea2330b18bb4e4407c05db7cf18ca12d1f560f90c52b8,ad90631c6fefd694141d552d5e6f6c4e8afd48245236063869d89297e1f1c598,COMPLETED,1e4b75093d6b0de418c7510e5d816a9db9c1070b7a7650259faa6f9817c446a3
QRP-C1-BL003,,e2b912474454a307650f4f74d4a847a44257590a,45123acab32679cb426e283ddaae560c6d3b86ca04ba71599d207c14a8ad2bff,89e1b57b3bfe05e4b49e3f9500952eeeca41ef2d5bc6725ea7cfb74806173105,MEAN_REVERSION_Z20_1_HOLD_3,NOT_APPLICABLE_BASELINE_RULE,817d9723069d7279839b4bc38f4686aad6de34f3d534754fa322891e9e3e9e2b,1,NOT_APPLICABLE_FIXED_RULE,"{""ambiguous_trade_count"":0,""average_trade_usd"":""-14.64133333"",""ending_balance_usd"":""44509.50000000"",""exposure_bar_fraction"":0.7759958613554061,""gross_pnl_usd"":""-3503.00000000"",""max_equity_drawdown_usd"":""9441.80000000"",""median_trade_usd"":""-46.20000000"",""net_pnl_usd"":""-5490.50000000"",""net_return_percent"":-10.981,""positive_year_fraction"":0.375,""profit_factor"":0.9052365418802534,""top_five_positive_trade_fraction"":0.12939740888681278,""total_cost_usd"":""1987.50000000"",""trade_count"":375,""turnover_reference_price_units"":""11175994.00000000"",""win_rate"":0.42933333333333334,""yearly_net_pnl_usd"":{""2019"":""-714.60000000"",""2020"":""-3746.60000000"",""2021"":""-2338.80000000"",""2022"":""702.50000000"",""2023"":""-235.60000000"",""2024"":""3200.10000000"",""2025"":""161.40000000"",""2026"":""-2518.90000000""}}","{""NORMALIZED_HIGH_COST"":{""net_pnl_usd"":""-8659.25000000""},""NORMALIZED_LOW_COST"":{""net_pnl_usd"":""-4440.50000000""},""NORMALIZED_MEDIUM_COST"":{""net_pnl_usd"":""-5490.50000000""}}",NOT_RUN_PHASE_G,REJECTED_MEDIUM_COST_NET_NONPOSITIVE,Primary medium-cost net PnL is not positive,No automatic promotion; all history is exposed research pool. Code digest differs from STARTED only because sha256_paths included absolute rather than relative path strings; file bytes are reconciled.,COMPLETED,817d9723069d7279839b4bc38f4686aad6de34f3d534754fa322891e9e3e9e2b,ad90631c6fefd694141d552d5e6f6c4e8afd48245236063869d89297e1f1c598,COMPLETED,3bd0d89a5a828851c1a0c1faeab3e330d576b96e74ac9b5f87b84d61bdb3d03e
QRP-C1-J001,QRP-C1-BL002,e2b912474454a307650f4f74d4a847a44257590a,4d82aa6823e793badb6d09ee8fda258a9633c30c02111fe95200d4288930ade5,7ec65877ff85f1f0545f775203e9035ff919976bf655a84b4bd3537b851b5cbd,COMPLETED_DAILY_OHLC_V1,NOT_APPLICABLE_RULE,3dc68e64c4f97e83c3b939a679681b5e428e5f8f3a85ac5ebf2eceed7fbfa356,1,"{""inner_complete_paths_per_outer_fold"":5,""inner_cpcv_combinations_per_outer_fold"":15,""parameter_rank_stability"":[null,null,null,null,null],""selected_candidates"":[""MOM_L20_H5"",""MOM_L20_H5"",null,null,null]}","{""maximum_absolute_train_to_test_decay"":2.9562912848923926,""outer_aggregate"":{""commission_usd"":152.0,""direction_success_rate"":null,""financing_cost_usd"":38.0,""gross_pnl_usd"":-1385.3,""maximum_closed_equity_drawdown_usd"":4013.900000000016,""medium_net_per_trade_usd"":-23.727631578947367,""meets_drawdown_reporting_threshold"":false,""net_by_scenario"":{""NORMALIZED_HIGH_COST"":-2468.3,""NORMALIZED_LOW_COST"":-1575.3,""NORMALIZED_MEDIUM_COST"":-1803.3},""slippage_cost_usd"":76.0,""spread_cost_usd"":152.0,""total_primary_cost_usd"":418.0,""trade_count"":76},""outer_prediction_log_sha256"":""a399bb5b5c42482b309044c7f16a20f14c4980609d10541abae6c2231d39a07d"",""outer_probability_metrics"":null,""outer_trade_log_sha256"":""dd1d89d307c919d260fb65405e2d5496d6cfe28019bd439d68955bda74ae2282"",""train_to_test_decay"":{""count"":2,""lower_quartile"":2.521281140974358,""median"":2.6662845222803693,""worst_decile"":2.434279112190751}}",NOT_APPLICABLE_NO_PHASE_J_SURVIVOR,NOT_APPLICABLE_NO_PHASE_J_SURVIVOR,REJECTED_PHASE_J,"['AGGREGATE_HIGH_COST_NET_NONPOSITIVE', 'AGGREGATE_MEDIUM_COST_NET_NONPOSITIVE', 'LOWER_QUARTILE_OUTER_FOLD_NET_NONPOSITIVE', 'OUTER_FOLD_WITHOUT_ELIGIBLE_INNER_CANDIDATE', 'PROFITABLE_OUTER_FOLD_FRACTION_LOW', 'TRAIN_TO_TEST_DECAY_EXCESSIVE_OR_UNAVAILABLE']","Independent Phase J validation passed with the permanent caveat in PHASE_J_GOVERNANCE_DEVIATION.md. No automatic promotion, Phase K handoff, paper trading, or live execution is authorized.",COMPLETED,05c1faf0e25dec004d6f3fc34345ce570706160acaf854e1eedb8599b00da250,f06dc77df0a78c62cd4727f4a33c4d700645c32cbd1afefe066b04c211bb4451,COMPLETED,1cd006cdd4188c788b07a98f9f14c1588d75f7e9d78bd787ae874d36afc63b81
QRP-C1-J002,QRP-C1-BL002,e2b912474454a307650f4f74d4a847a44257590a,4d82aa6823e793badb6d09ee8fda258a9633c30c02111fe95200d4288930ade5,7ec65877ff85f1f0545f775203e9035ff919976bf655a84b4bd3537b851b5cbd,COMPLETED_DAILY_OHLC_V1,NOT_APPLICABLE_RULE,8f94f619ae0290183948e61acf84a9a02ca4d9ababf25a2961a28468a8e7cadb,3,"{""inner_complete_paths_per_outer_fold"":5,""inner_cpcv_combinations_per_outer_fold"":15,""parameter_rank_stability"":[0.22857142857142856,0.05714285714285714,0.2904761904761905,0.13333333333333333,0.1761904761904762],""selected_candidates"":[""MOM_L20_H5"",""MOM_L20_H5"",null,null,null]}","{""maximum_absolute_train_to_test_decay"":2.9562912848923926,""outer_aggregate"":{""commission_usd"":152.0,""direction_success_rate"":null,""financing_cost_usd"":38.0,""gross_pnl_usd"":-1385.3,""maximum_closed_equity_drawdown_usd"":4013.900000000016,""medium_net_per_trade_usd"":-23.727631578947367,""meets_drawdown_reporting_threshold"":false,""net_by_scenario"":{""NORMALIZED_HIGH_COST"":-2468.3,""NORMALIZED_LOW_COST"":-1575.3,""NORMALIZED_MEDIUM_COST"":-1803.3},""slippage_cost_usd"":76.0,""spread_cost_usd"":152.0,""total_primary_cost_usd"":418.0,""trade_count"":76},""outer_prediction_log_sha256"":""fc9cbe58e4d9225b542f582bb8dfd3e2ade3ecb333fc7a2d168f52021ba2c5f4"",""outer_probability_metrics"":null,""outer_trade_log_sha256"":""b42e3a7e5cc22997b240d13ef3a108b372ee0a9b65abd6b8757d1e3a70f50f13"",""train_to_test_decay"":{""count"":2,""lower_quartile"":2.521281140974358,""median"":2.6662845222803693,""worst_decile"":2.434279112190751}}",NOT_APPLICABLE_NO_PHASE_J_SURVIVOR,NOT_APPLICABLE_NO_PHASE_J_SURVIVOR,REJECTED_PHASE_J,"['AGGREGATE_HIGH_COST_NET_NONPOSITIVE', 'AGGREGATE_MEDIUM_COST_NET_NONPOSITIVE', 'LOWER_QUARTILE_OUTER_FOLD_NET_NONPOSITIVE', 'OUTER_FOLD_WITHOUT_ELIGIBLE_INNER_CANDIDATE', 'PROFITABLE_OUTER_FOLD_FRACTION_LOW', 'TRAIN_TO_TEST_DECAY_EXCESSIVE_OR_UNAVAILABLE']","Independent Phase J validation passed with the permanent caveat in PHASE_J_GOVERNANCE_DEVIATION.md. No automatic promotion, Phase K handoff, paper trading, or live execution is authorized.",COMPLETED,8b878c7381ee3a3b6260fd6c716ff2ffd91d4874a8a5cf864a462c88d6c01a9b,f06dc77df0a78c62cd4727f4a33c4d700645c32cbd1afefe066b04c211bb4451,COMPLETED,2be26e260b9e448d844b213c98cdde1354d4d938e52b2243e86d530a3e799d65
QRP-C1-J003,QRP-C1-BL002,e2b912474454a307650f4f74d4a847a44257590a,4d82aa6823e793badb6d09ee8fda258a9633c30c02111fe95200d4288930ade5,7ec65877ff85f1f0545f775203e9035ff919976bf655a84b4bd3537b851b5cbd,COMPLETED_DAILY_OHLC_V1,NOT_APPLICABLE_RULE,ab56c56deee94e9efa66517c3a06f44d91153cd5ad5773d9a70899d4e3518ebd,3,"{""inner_complete_paths_per_outer_fold"":5,""inner_cpcv_combinations_per_outer_fold"":15,""parameter_rank_stability"":[0.44285714285714284,-0.014285714285714285,-0.02857142857142857,-0.05714285714285714,-0.02857142857142857],""selected_candidates"":[""MOM_L20_H5"",""MOM_L20_H7"",""MOM_L20_H7"",""MOM_L20_H7"",""MOM_L20_H7""]}","{""maximum_absolute_train_to_test_decay"":8.339623842813666,""outer_aggregate"":{""commission_usd"":278.0,""direction_success_rate"":null,""financing_cost_usd"":89.7,""gross_pnl_usd"":2888.2,""maximum_closed_equity_drawdown_usd"":7784.200000000004,""medium_net_per_trade_usd"":15.133093525179856,""meets_drawdown_reporting_threshold"":false,""net_by_scenario"":{""NORMALIZED_HIGH_COST"":856.95,""NORMALIZED_LOW_COST"":2540.7,""NORMALIZED_MEDIUM_COST"":2103.5},""slippage_cost_usd"":139.0,""spread_cost_usd"":278.0,""total_primary_cost_usd"":784.7,""trade_count"":139},""outer_prediction_log_sha256"":""300731ce928997cad2d628ef8df28df999cbfa96ee3efb87c8a22b838aea8a04"",""outer_probability_metrics"":null,""outer_trade_log_sha256"":""077800f07987e20de00f91071f77d41e59b06356cc526d63a95b4a2ed477d8c4"",""train_to_test_decay"":{""count"":5,""lower_quartile"":0.9519094692847182,""median"":1.1641413689250506,""worst_decile"":0.6584094955095777}}",NOT_APPLICABLE_NO_PHASE_J_SURVIVOR,NOT_APPLICABLE_NO_PHASE_J_SURVIVOR,REJECTED_PHASE_J,"['LOWER_QUARTILE_OUTER_FOLD_NET_NONPOSITIVE', 'TRAIN_TO_TEST_DECAY_EXCESSIVE_OR_UNAVAILABLE']","Independent Phase J validation passed with the permanent caveat in PHASE_J_GOVERNANCE_DEVIATION.md. No automatic promotion, Phase K handoff, paper trading, or live execution is authorized.",COMPLETED,a862453df8a6e719828502129d86279de1864111fea70932012235ee9ea6bf56,f06dc77df0a78c62cd4727f4a33c4d700645c32cbd1afefe066b04c211bb4451,COMPLETED,bec878fea48a06ce04aef182f47a8e9d88bce607c0dca53d93e582828ccab4b0
QRP-C1-J004,QRP-C1-BL002,e2b912474454a307650f4f74d4a847a44257590a,4d82aa6823e793badb6d09ee8fda258a9633c30c02111fe95200d4288930ade5,7ec65877ff85f1f0545f775203e9035ff919976bf655a84b4bd3537b851b5cbd,COMPLETED_DAILY_OHLC_V1,NOT_APPLICABLE_RULE,877e536963187e5455f3e69c65e6c87464eea1a1ae67b8819a0fe76a48122f64,3,"{""inner_complete_paths_per_outer_fold"":5,""inner_cpcv_combinations_per_outer_fold"":15,""parameter_rank_stability"":[-0.009523809523809525,-0.0380952380952381,0.047619047619047616,0.06190476190476191,-0.06666666666666667],""selected_candidates"":[""MOM_VOL_DEADBAND_0.50"",""MOM_VOL_DEADBAND_0.25"",""MOM_VOL_DEADBAND_0.25"",""MOM_VOL_DEADBAND_0.50"",""MOM_VOL_DEADBAND_0.50""]}","{""maximum_absolute_train_to_test_decay"":3.657248965776608,""outer_aggregate"":{""commission_usd"":338.0,""direction_success_rate"":null,""financing_cost_usd"":84.5,""gross_pnl_usd"":3352.5,""maximum_closed_equity_drawdown_usd"":5568.699999999997,""medium_net_per_trade_usd"":14.337278106508876,""meets_drawdown_reporting_threshold"":false,""net_by_scenario"":{""NORMALIZED_HIGH_COST"":944.25,""NORMALIZED_LOW_COST"":2930.0,""NORMALIZED_MEDIUM_COST"":2423.0},""slippage_cost_usd"":169.0,""spread_cost_usd"":338.0,""total_primary_cost_usd"":929.5,""trade_count"":169},""outer_prediction_log_sha256"":""f8f5374ffca938292ecff152859c1c474af5e407fb3f14cdf6cbe8b986b86035"",""outer_probability_metrics"":null,""outer_trade_log_sha256"":""489916a34d3eb92f5d354dfd1357c83219cb7fb74c67ee509a7ed20b9da2a733"",""train_to_test_decay"":{""count"":5,""lower_quartile"":0.2585636237312557,""median"":1.6558282232219894,""worst_decile"":0.24902229120099512}}",NOT_APPLICABLE_NO_PHASE_J_SURVIVOR,NOT_APPLICABLE_NO_PHASE_J_SURVIVOR,REJECTED_PHASE_J,"['LOWER_QUARTILE_OUTER_FOLD_NET_NONPOSITIVE', 'TRAIN_TO_TEST_DECAY_EXCESSIVE_OR_UNAVAILABLE']","Independent Phase J validation passed with the permanent caveat in PHASE_J_GOVERNANCE_DEVIATION.md. No automatic promotion, Phase K handoff, paper trading, or live execution is authorized.",COMPLETED,bbb5ebd25dfcb7c2e8f8ecf5226aa9e64ba52f807ff7df23d66a9a12c7235e16,f06dc77df0a78c62cd4727f4a33c4d700645c32cbd1afefe066b04c211bb4451,COMPLETED,d2dcf871c2cc77f6efc4d3fdd62a06e5539bad95b8fc0885e090a835f0351791
QRP-C1-J005,QRP-C1-BL002,e2b912474454a307650f4f74d4a847a44257590a,4d82aa6823e793badb6d09ee8fda258a9633c30c02111fe95200d4288930ade5,7ec65877ff85f1f0545f775203e9035ff919976bf655a84b4bd3537b851b5cbd,COMPLETED_DAILY_PLUS_H1_EFFICIENCY_ASOF_V1,NOT_APPLICABLE_RULE,23503d09f5428b361c8760659e5a7fb0256a44afd20cffe272088c216ed9816d,3,"{""inner_complete_paths_per_outer_fold"":5,""inner_cpcv_combinations_per_outer_fold"":15,""parameter_rank_stability"":[0.41904761904761906,-0.02857142857142857,0.11428571428571428,0.01904761904761905,0.06190476190476191],""selected_candidates"":[""MOM_EFFICIENCY_Q0.25"",""MOM_EFFICIENCY_Q0.00"",""MOM_EFFICIENCY_Q0.00"",""MOM_EFFICIENCY_Q0.50"",""MOM_EFFICIENCY_Q0.25""]}","{""maximum_absolute_train_to_test_decay"":1.5493663984715709,""outer_aggregate"":{""commission_usd"":324.0,""direction_success_rate"":null,""financing_cost_usd"":81.0,""gross_pnl_usd"":9567.1,""maximum_closed_equity_drawdown_usd"":3725.5,""medium_net_per_trade_usd"":53.556172839506175,""meets_drawdown_reporting_threshold"":false,""net_by_scenario"":{""NORMALIZED_HIGH_COST"":7258.6,""NORMALIZED_LOW_COST"":9162.1,""NORMALIZED_MEDIUM_COST"":8676.1},""slippage_cost_usd"":162.0,""spread_cost_usd"":324.0,""total_primary_cost_usd"":891.0,""trade_count"":162},""outer_prediction_log_sha256"":""9addcd3a27726408b405e333a87f2ef9bc1e45c8bb25c4144bd6b3dedde67d3f"",""outer_probability_metrics"":null,""outer_trade_log_sha256"":""538c64795bae9fcb32119e367b5a1ba81d6b81e9ee53ede7366624089b30f6e7"",""train_to_test_decay"":{""count"":5,""lower_quartile"":0.40600042034468264,""median"":1.2080576902510198,""worst_decile"":0.30822446162547645}}",NOT_APPLICABLE_NO_PHASE_J_SURVIVOR,NOT_APPLICABLE_NO_PHASE_J_SURVIVOR,REJECTED_PHASE_J,['TRAIN_TO_TEST_DECAY_EXCESSIVE_OR_UNAVAILABLE'],"Independent Phase J validation passed with the permanent caveat in PHASE_J_GOVERNANCE_DEVIATION.md. No automatic promotion, Phase K handoff, paper trading, or live execution is authorized.",COMPLETED,233fe967f8ac3b932fb83ac7e47de6c51b22f8d317a1620f32f9b0135dd8231c,f06dc77df0a78c62cd4727f4a33c4d700645c32cbd1afefe066b04c211bb4451,COMPLETED,340827a9ac3775d6348f6f503b3d8bceea16b12f00a97bb713855ff9ddac156d
QRP-C1-J006,QRP-C1-BL002,e2b912474454a307650f4f74d4a847a44257590a,4d82aa6823e793badb6d09ee8fda258a9633c30c02111fe95200d4288930ade5,7ec65877ff85f1f0545f775203e9035ff919976bf655a84b4bd3537b851b5cbd,TECHNICAL_H1_COMPLETED_V1_ASOF_DAILY,LOGISTIC_TRADE_ACCEPTANCE_PHASE_J_V1,a7fc81d238950864b20f4f6f76b9432252cb28fc12709fadfe498178ccd87c01,9,"{""inner_complete_paths_per_outer_fold"":5,""inner_cpcv_combinations_per_outer_fold"":15,""parameter_rank_stability"":[0.007936507936507934,0.07,0.011269841269841272,0.042539682539682544,0.009523809523809526],""selected_candidates"":[""LOGIT_C1.0_T0.55"",""LOGIT_C0.1_T0.55"",""LOGIT_C0.1_T0.50"",""LOGIT_C10.0_T0.50"",""LOGIT_C0.1_T0.50""]}","{""maximum_absolute_train_to_test_decay"":5.843341935980894,""outer_aggregate"":{""commission_usd"":284.0,""direction_success_rate"":null,""financing_cost_usd"":71.0,""gross_pnl_usd"":4790.8,""maximum_closed_equity_drawdown_usd"":6834.100000000006,""medium_net_per_trade_usd"":28.238028169014086,""meets_drawdown_reporting_threshold"":false,""net_by_scenario"":{""NORMALIZED_HIGH_COST"":2767.3,""NORMALIZED_LOW_COST"":4435.8,""NORMALIZED_MEDIUM_COST"":4009.8},""slippage_cost_usd"":142.0,""spread_cost_usd"":284.0,""total_primary_cost_usd"":781.0,""trade_count"":142},""outer_prediction_log_sha256"":""9c97d8d250391a9e10f870f05adc87950f7fddf9628e39d51abf914e73774f3c"",""outer_probability_metrics"":{""brier_score"":0.2557211798095896,""log_loss"":0.7055952974282736,""reference_brier_score"":0.24769116646967723,""reference_log_loss"":0.6885507737211197,""sample_count"":1129},""outer_trade_log_sha256"":""d2b5ea24ff979f3f1b58f569b783b11ac64077b163ccd1bbfa09ecf5e4a928a0"",""train_to_test_decay"":{""count"":5,""lower_quartile"":1.409907766220228,""median"":1.6958388241938522,""worst_decile"":0.6116489218459612}}",NOT_APPLICABLE_NO_PHASE_J_SURVIVOR,NOT_APPLICABLE_NO_PHASE_J_SURVIVOR,REJECTED_PHASE_J,"['LOWER_QUARTILE_OUTER_FOLD_NET_NONPOSITIVE', 'NON_ML_CONTROL_LOWER_QUARTILE_NOT_BEATEN:ONE_FEATURE_MEDIAN_EFFICIENCY', 'OUTER_BRIER_NO_SKILL', 'OUTER_LOG_LOSS_NO_SKILL', 'TRAIN_TO_TEST_DECAY_EXCESSIVE_OR_UNAVAILABLE']","Independent Phase J validation passed with the permanent caveat in PHASE_J_GOVERNANCE_DEVIATION.md. No automatic promotion, Phase K handoff, paper trading, or live execution is authorized.",COMPLETED,1829ed204e9bcc32f9c198336082d1906da51e6387284e8695a0ada73247ac8e,f06dc77df0a78c62cd4727f4a33c4d700645c32cbd1afefe066b04c211bb4451,COMPLETED,28b247e1bcb25f95e3927df8abcb76c0482b6767c730dd841a9d61a846eafe06
QRP-C1-J007,,e2b912474454a307650f4f74d4a847a44257590a,4d82aa6823e793badb6d09ee8fda258a9633c30c02111fe95200d4288930ade5,7ec65877ff85f1f0545f775203e9035ff919976bf655a84b4bd3537b851b5cbd,TECHNICAL_H1_COMPLETED_V1,INTERPRETABLE_THRESHOLD_RULE_PHASE_J_V1,a03164908665790316464cebc0ba505abee51c56f032e0624be41c12637cabdc,6,"{""inner_complete_paths_per_outer_fold"":5,""inner_cpcv_combinations_per_outer_fold"":15,""parameter_rank_stability"":[0.8726530612244898,0.6859863945578232,0.8824489795918368,0.9662585034013605,0.8873469387755103],""selected_candidates"":[null,null,null,null,null]}","{""maximum_absolute_train_to_test_decay"":null,""outer_aggregate"":{""commission_usd"":0.0,""direction_success_rate"":null,""financing_cost_usd"":0.0,""gross_pnl_usd"":0.0,""maximum_closed_equity_drawdown_usd"":0.0,""medium_net_per_trade_usd"":null,""meets_drawdown_reporting_threshold"":true,""net_by_scenario"":{""NORMALIZED_HIGH_COST"":0.0,""NORMALIZED_LOW_COST"":0.0,""NORMALIZED_MEDIUM_COST"":0.0},""slippage_cost_usd"":0.0,""spread_cost_usd"":0.0,""total_primary_cost_usd"":0.0,""trade_count"":0},""outer_prediction_log_sha256"":""1d914c84acd53c0667438df4d93e5f23b83f168a648f88e27093f82f3bc2c4ca"",""outer_probability_metrics"":null,""outer_trade_log_sha256"":""deda7057810062254fe35ec34d11e1375ae9dc176bd7858d7c6b9886be21c720"",""train_to_test_decay"":{""count"":0,""lower_quartile"":null,""median"":null,""worst_decile"":null}}",NOT_APPLICABLE_NO_PHASE_J_SURVIVOR,NOT_APPLICABLE_NO_PHASE_J_SURVIVOR,REJECTED_PHASE_J,"['AGGREGATE_HIGH_COST_NET_NONPOSITIVE', 'AGGREGATE_MEDIUM_COST_NET_NONPOSITIVE', 'DIRECTIONAL_SUCCESS_DID_NOT_BEAT_CONTROL', 'LOWER_QUARTILE_OUTER_FOLD_NET_NONPOSITIVE', 'OUTER_FOLD_WITHOUT_ELIGIBLE_INNER_CANDIDATE', 'OUTER_TRADE_COUNT_LOW', 'PROFITABLE_OUTER_FOLD_FRACTION_LOW', 'TRAIN_TO_TEST_DECAY_EXCESSIVE_OR_UNAVAILABLE']","Independent Phase J validation passed with the permanent caveat in PHASE_J_GOVERNANCE_DEVIATION.md. No automatic promotion, Phase K handoff, paper trading, or live execution is authorized.",COMPLETED,6faec3953bc91d67ec72879fe570cd48781a8f634c43cdc8746be6939171195a,f06dc77df0a78c62cd4727f4a33c4d700645c32cbd1afefe066b04c211bb4451,COMPLETED,2d307c891ba96af2c3b05cc7584295c2d7060be136a0315ca7b537a65c0a4fa7
QRP-C1-ML001,QRP-C1-BL002,e2b912474454a307650f4f74d4a847a44257590a,03e3de8baa54df0340df2b5e49cb2441b7e4c0ae0c302bfbdee857e66aa59c7c,64aba3e9323fca81b51d5427fdc7b63f4056d9dd68c6ce2066a6b35ac367db97,TECHNICAL_H1_COMPLETED_V1,LOGISTIC_REGRESSION_V1,26090879f4d7bc49b7243d0cd64f6e45988740924a330eca400ce2b1e69e5fae,1,"{""base_rate"":0.5542438872449774,""selected_features"":[""feature_return_1"",""feature_return_3"",""feature_return_12"",""feature_return_24"",""feature_atr14_pct"",""feature_realized_volatility_24"",""feature_close_to_sma20"",""feature_tick_volume_ratio_20"",""feature_volatility_ratio_12_48"",""feature_close_position_in_range""]}","{""primary_trading"":{""accounting_evidence"":""NORMALIZED_FIXED_HORIZON_SCENARIO_NOT_BROKER_FACT"",""eligible_sample_count"":8727,""ending_balance_usd"":48221.5,""expected_net_value_per_trade_usd"":-2.5516499282639886,""gross_pnl_usd"":2473.2,""maximum_closed_equity_drawdown_usd"":7335.6,""net_pnl_usd"":-1778.5,""threshold"":0.55,""total_cost_usd"":4251.7,""trade_count"":697,""trade_frequency"":0.0798670791795577,""win_rate_after_cost"":0.5308464849354376},""probability"":{""brier_score"":0.24800101192619384,""expected_calibration_error"":0.006322084582531892,""log_loss"":0.6891598187912827,""long_precision"":0.5379779989523311,""long_recall"":0.8563685636856369,""long_signal_fraction"":0.8749856766357282,""positive_rate"":0.549673427294603,""reference_brier_score"":0.2475534397249658,""reference_log_loss"":0.6882463799586462,""reliability_bins"":[{""count"":0,""lower"":0.0,""mean_probability"":null,""observed_positive_rate"":null,""upper"":0.1},{""count"":0,""lower"":0.1,""mean_probability"":null,""observed_positive_rate"":null,""upper"":0.2},{""count"":0,""lower"":0.2,""mean_probability"":null,""observed_positive_rate"":null,""upper"":0.30000000000000004},{""count"":0,""lower"":0.30000000000000004,""mean_probability"":null,""observed_positive_rate"":null,""upper"":0.4},{""count"":0,""lower"":0.4,""mean_probability"":null,""observed_positive_rate"":null,""upper"":0.5},{""count"":8713,""lower"":0.5,""mean_probability"":0.5558564806210178,""observed_positive_rate"":0.5502123264088145,""upper"":0.6000000000000001},{""count"":14,""lower"":0.6000000000000001,""mean_probability"":0.6425226072020189,""observed_positive_rate"":0.21428571428571427,""upper"":0.7000000000000001},{""count"":0,""lower"":0.7000000000000001,""mean_probability"":null,""observed_positive_rate"":null,""upper"":0.8},{""count"":0,""lower"":0.8,""mean_probability"":null,""observed_positive_rate"":null,""upper"":0.9},{""count"":0,""lower"":0.9,""mean_probability"":null,""observed_positive_rate"":null,""upper"":1.0}],""roc_auc"":0.48349689505898774,""sample_count"":8727,""short_precision"":0.0,""short_recall"":0.0,""short_signal_fraction"":0.0}}","{""nested_validation"":""NOT_RUN_PHASE_I"",""threshold_scenarios"":{""0.50"":{""NORMALIZED_HIGH_COST"":{""accounting_evidence"":""NORMALIZED_FIXED_HORIZON_SCENARIO_NOT_BROKER_FACT"",""eligible_sample_count"":8727,""ending_balance_usd"":46762.4,""expected_net_value_per_trade_usd"":-4.447252747252747,""gross_pnl_usd"":8228.4,""maximum_closed_equity_drawdown_usd"":8031.3,""net_pnl_usd"":-3237.6,""threshold"":0.5,""total_cost_usd"":11466.0,""trade_count"":728,""trade_frequency"":0.08341927351896414,""win_rate_after_cost"":0.5082417582417582},""NORMALIZED_LOW_COST"":{""accounting_evidence"":""NORMALIZED_FIXED_HORIZON_SCENARIO_NOT_BROKER_FACT"",""eligible_sample_count"":8727,""ending_balance_usd"":56408.4,""expected_net_value_per_trade_usd"":8.802747252747253,""gross_pnl_usd"":8228.4,""maximum_closed_equity_drawdown_usd"":6028.7,""net_pnl_usd"":6408.4,""threshold"":0.5,""total_cost_usd"":1820.0,""trade_count"":728,""trade_frequency"":0.08341927351896414,""win_rate_after_cost"":0.5467032967032966},""NORMALIZED_MEDIUM_COST"":{""accounting_evidence"":""NORMALIZED_FIXED_HORIZON_SCENARIO_NOT_BROKER_FACT"",""eligible_sample_count"":8727,""ending_balance_usd"":53787.6,""expected_net_value_per_trade_usd"":5.202747252747253,""gross_pnl_usd"":8228.4,""maximum_closed_equity_drawdown_usd"":6267.8,""net_pnl_usd"":3787.6,""threshold"":0.5,""total_cost_usd"":4440.8,""trade_count"":728,""trade_frequency"":0.08341927351896414,""win_rate_after_cost"":0.5315934065934066}},""0.55"":{""NORMALIZED_HIGH_COST"":{""accounting_evidence"":""NORMALIZED_FIXED_HORIZON_SCENARIO_NOT_BROKER_FACT"",""eligible_sample_count"":8727,""ending_balance_usd"":41495.45,""expected_net_value_per_trade_usd"":-12.201649928263988,""gross_pnl_usd"":2473.2,""maximum_closed_equity_drawdown_usd"":12652.75,""net_pnl_usd"":-8504.55,""threshold"":0.55,""total_cost_usd"":10977.75,""trade_count"":697,""trade_frequency"":0.0798670791795577,""win_rate_after_cost"":0.5021520803443329},""NORMALIZED_LOW_COST"":{""accounting_evidence"":""NORMALIZED_FIXED_HORIZON_SCENARIO_NOT_BROKER_FACT"",""eligible_sample_count"":8727,""ending_balance_usd"":50730.7,""expected_net_value_per_trade_usd"":1.0483500717360115,""gross_pnl_usd"":2473.2,""maximum_closed_equity_drawdown_usd"":6853.9,""net_pnl_usd"":730.7,""threshold"":0.55,""total_cost_usd"":1742.5,""trade_count"":697,""trade_frequency"":0.0798670791795577,""win_rate_after_cost"":0.5451936872309899},""NORMALIZED_MEDIUM_COST"":{""accounting_evidence"":""NORMALIZED_FIXED_HORIZON_SCENARIO_NOT_BROKER_FACT"",""eligible_sample_count"":8727,""ending_balance_usd"":48221.5,""expected_net_value_per_trade_usd"":-2.5516499282639886,""gross_pnl_usd"":2473.2,""maximum_closed_equity_drawdown_usd"":7335.6,""net_pnl_usd"":-1778.5,""threshold"":0.55,""total_cost_usd"":4251.7,""trade_count"":697,""trade_frequency"":0.0798670791795577,""win_rate_after_cost"":0.5308464849354376}},""0.60"":{""NORMALIZED_HIGH_COST"":{""accounting_evidence"":""NORMALIZED_FIXED_HORIZON_SCENARIO_NOT_BROKER_FACT"",""eligible_sample_count"":8727,""ending_balance_usd"":48696.65,""expected_net_value_per_trade_usd"":-434.45,""gross_pnl_usd"":-1256.1,""maximum_closed_equity_drawdown_usd"":1514.6,""net_pnl_usd"":-1303.35,""threshold"":0.6,""total_cost_usd"":47.25,""trade_count"":3,""trade_frequency"":0.00034376074252320387,""win_rate_after_cost"":0.3333333333333333},""NORMALIZED_LOW_COST"":{""accounting_evidence"":""NORMALIZED_FIXED_HORIZON_SCENARIO_NOT_BROKER_FACT"",""eligible_sample_count"":8727,""ending_balance_usd"":48736.4,""expected_net_value_per_trade_usd"":-421.2,""gross_pnl_usd"":-1256.1,""maximum_closed_equity_drawdown_usd"":1488.1,""net_pnl_usd"":-1263.6,""threshold"":0.6,""total_cost_usd"":7.5,""trade_count"":3,""trade_frequency"":0.00034376074252320387,""win_rate_after_cost"":0.3333333333333333},""NORMALIZED_MEDIUM_COST"":{""accounting_evidence"":""NORMALIZED_FIXED_HORIZON_SCENARIO_NOT_BROKER_FACT"",""eligible_sample_count"":8727,""ending_balance_usd"":48725.6,""expected_net_value_per_trade_usd"":-424.8,""gross_pnl_usd"":-1256.1,""maximum_closed_equity_drawdown_usd"":1495.3,""net_pnl_usd"":-1274.4,""threshold"":0.6,""total_cost_usd"":18.3,""trade_count"":3,""trade_frequency"":0.00034376074252320387,""win_rate_after_cost"":0.3333333333333333}}}}",NOT_RUN_PHASE_I,REJECTED_BRIER_NO_SKILL,Evaluation Brier score does not beat the frozen base-rate reference,"No automatic promotion; evaluation is exposed research pool, not final holdout",COMPLETED,26090879f4d7bc49b7243d0cd64f6e45988740924a330eca400ce2b1e69e5fae,f3c73aa80346217f409278dc154490a3250df620ae29b5a248cb0b13810c6afc,COMPLETED,fd7ec61f5b7f531b456fdebe5adf58e97eb0e54432cb3214e7351468bc0cf629
QRP-C1-ML002,QRP-C1-BL002,e2b912474454a307650f4f74d4a847a44257590a,03e3de8baa54df0340df2b5e49cb2441b7e4c0ae0c302bfbdee857e66aa59c7c,64aba3e9323fca81b51d5427fdc7b63f4056d9dd68c6ce2066a6b35ac367db97,TECHNICAL_H1_COMPLETED_V1,DECISION_TREE_V1,f8e84351f98bbe88f1f899ee3db87f5e3a0066cede1989f8893feca0c0f8bc18,1,"{""base_rate"":0.5542438872449774,""selected_features"":[""feature_return_1"",""feature_return_3"",""feature_return_12"",""feature_return_24"",""feature_atr14_pct"",""feature_realized_volatility_24"",""feature_close_to_sma20"",""feature_tick_volume_ratio_20"",""feature_volatility_ratio_12_48"",""feature_close_position_in_range""]}","{""primary_trading"":{""accounting_evidence"":""NORMALIZED_FIXED_HORIZON_SCENARIO_NOT_BROKER_FACT"",""eligible_sample_count"":8727,""ending_balance_usd"":54001.5,""expected_net_value_per_trade_usd"":7.120106761565836,""gross_pnl_usd"":7429.7,""maximum_closed_equity_drawdown_usd"":6236.9,""net_pnl_usd"":4001.5,""threshold"":0.55,""total_cost_usd"":3428.2,""trade_count"":562,""trade_frequency"":0.06439784576601353,""win_rate_after_cost"":0.5302491103202847},""probability"":{""brier_score"":0.2476482653060039,""expected_calibration_error"":0.00849814919194431,""log_loss"":0.6884428178809422,""long_precision"":0.5595562829605383,""long_recall"":0.6414425682718365,""long_signal_fraction"":0.6301134410450326,""positive_rate"":0.549673427294603,""reference_brier_score"":0.2475534397249658,""reference_log_loss"":0.6882463799586462,""reliability_bins"":[{""count"":0,""lower"":0.0,""mean_probability"":null,""observed_positive_rate"":null,""upper"":0.1},{""count"":0,""lower"":0.1,""mean_probability"":null,""observed_positive_rate"":null,""upper"":0.2},{""count"":0,""lower"":0.2,""mean_probability"":null,""observed_positive_rate"":null,""upper"":0.30000000000000004},{""count"":0,""lower"":0.30000000000000004,""mean_probability"":null,""observed_positive_rate"":null,""upper"":0.4},{""count"":138,""lower"":0.4,""mean_probability"":0.49389696352311424,""observed_positive_rate"":0.45652173913043476,""upper"":0.5},{""count"":8315,""lower"":0.5,""mean_probability"":0.5571781214925143,""observed_positive_rate"":0.5497294046903187,""upper"":0.6000000000000001},{""count"":274,""lower"":0.6000000000000001,""mean_probability"":0.6206915577432545,""observed_positive_rate"":0.5948905109489051,""upper"":0.7000000000000001},{""count"":0,""lower"":0.7000000000000001,""mean_probability"":null,""observed_positive_rate"":null,""upper"":0.8},{""count"":0,""lower"":0.8,""mean_probability"":null,""observed_positive_rate"":null,""upper"":0.9},{""count"":0,""lower"":0.9,""mean_probability"":null,""observed_positive_rate"":null,""upper"":1.0}],""roc_auc"":0.5069688911803973,""sample_count"":8727,""short_precision"":0.0,""short_recall"":0.0,""short_signal_fraction"":0.0}}","{""nested_validation"":""NOT_RUN_PHASE_I"",""threshold_scenarios"":{""0.50"":{""NORMALIZED_HIGH_COST"":{""accounting_evidence"":""NORMALIZED_FIXED_HORIZON_SCENARIO_NOT_BROKER_FACT"",""eligible_sample_count"":8727,""ending_balance_usd"":47128.6,""expected_net_value_per_trade_usd"":-3.9442307692307694,""gross_pnl_usd"":8594.6,""maximum_closed_equity_drawdown_usd"":7811.1,""net_pnl_usd"":-2871.4,""threshold"":0.5,""total_cost_usd"":11466.0,""trade_count"":728,""trade_frequency"":0.08341927351896414,""win_rate_after_cost"":0.5041208791208791},""NORMALIZED_LOW_COST"":{""accounting_evidence"":""NORMALIZED_FIXED_HORIZON_SCENARIO_NOT_BROKER_FACT"",""eligible_sample_count"":8727,""ending_balance_usd"":56774.6,""expected_net_value_per_trade_usd"":9.305769230769231,""gross_pnl_usd"":8594.6,""maximum_closed_equity_drawdown_usd"":6028.7,""net_pnl_usd"":6774.6,""threshold"":0.5,""total_cost_usd"":1820.0,""trade_count"":728,""trade_frequency"":0.08341927351896414,""win_rate_after_cost"":0.5412087912087912},""NORMALIZED_MEDIUM_COST"":{""accounting_evidence"":""NORMALIZED_FIXED_HORIZON_SCENARIO_NOT_BROKER_FACT"",""eligible_sample_count"":8727,""ending_balance_usd"":54153.8,""expected_net_value_per_trade_usd"":5.7057692307692305,""gross_pnl_usd"":8594.6,""maximum_closed_equity_drawdown_usd"":6347.8,""net_pnl_usd"":4153.8,""threshold"":0.5,""total_cost_usd"":4440.8,""trade_count"":728,""trade_frequency"":0.08341927351896414,""win_rate_after_cost"":0.5260989010989011}},""0.55"":{""NORMALIZED_HIGH_COST"":{""accounting_evidence"":""NORMALIZED_FIXED_HORIZON_SCENARIO_NOT_BROKER_FACT"",""eligible_sample_count"":8727,""ending_balance_usd"":48578.2,""expected_net_value_per_trade_usd"":-2.529893238434164,""gross_pnl_usd"":7429.7,""maximum_closed_equity_drawdown_usd"":8329.85,""net_pnl_usd"":-1421.8,""threshold"":0.55,""total_cost_usd"":8851.5,""trade_count"":562,""trade_frequency"":0.06439784576601353,""win_rate_after_cost"":0.5124555160142349},""NORMALIZED_LOW_COST"":{""accounting_evidence"":""NORMALIZED_FIXED_HORIZON_SCENARIO_NOT_BROKER_FACT"",""eligible_sample_count"":8727,""ending_balance_usd"":56024.7,""expected_net_value_per_trade_usd"":10.720106761565836,""gross_pnl_usd"":7429.7,""maximum_closed_equity_drawdown_usd"":5981.3,""net_pnl_usd"":6024.7,""threshold"":0.55,""total_cost_usd"":1405.0,""trade_count"":562,""trade_frequency"":0.06439784576601353,""win_rate_after_cost"":0.5444839857651246},""NORMALIZED_MEDIUM_COST"":{""accounting_evidence"":""NORMALIZED_FIXED_HORIZON_SCENARIO_NOT_BROKER_FACT"",""eligible_sample_count"":8727,""ending_balance_usd"":54001.5,""expected_net_value_per_trade_usd"":7.120106761565836,""gross_pnl_usd"":7429.7,""maximum_closed_equity_drawdown_usd"":6236.9,""net_pnl_usd"":4001.5,""threshold"":0.55,""total_cost_usd"":3428.2,""trade_count"":562,""trade_frequency"":0.06439784576601353,""win_rate_after_cost"":0.5302491103202847}},""0.60"":{""NORMALIZED_HIGH_COST"":{""accounting_evidence"":""NORMALIZED_FIXED_HORIZON_SCENARIO_NOT_BROKER_FACT"",""eligible_sample_count"":8727,""ending_balance_usd"":50192.35,""expected_net_value_per_trade_usd"":3.497272727272727,""gross_pnl_usd"":1058.6,""maximum_closed_equity_drawdown_usd"":958.95,""net_pnl_usd"":192.35,""threshold"":0.6,""total_cost_usd"":866.25,""trade_count"":55,""trade_frequency"":0.00630228027959207,""win_rate_after_cost"":0.509090909090909},""NORMALIZED_LOW_COST"":{""accounting_evidence"":""NORMALIZED_FIXED_HORIZON_SCENARIO_NOT_BROKER_FACT"",""eligible_sample_count"":8727,""ending_balance_usd"":50921.1,""expected_net_value_per_trade_usd"":16.747272727272726,""gross_pnl_usd"":1058.6,""maximum_closed_equity_drawdown_usd"":648.9,""net_pnl_usd"":921.1,""threshold"":0.6,""total_cost_usd"":137.5,""trade_count"":55,""trade_frequency"":0.00630228027959207,""win_rate_after_cost"":0.5818181818181818},""NORMALIZED_MEDIUM_COST"":{""accounting_evidence"":""NORMALIZED_FIXED_HORIZON_SCENARIO_NOT_BROKER_FACT"",""eligible_sample_count"":8727,""ending_balance_usd"":50723.1,""expected_net_value_per_trade_usd"":13.147272727272727,""gross_pnl_usd"":1058.6,""maximum_closed_equity_drawdown_usd"":720.9,""net_pnl_usd"":723.1,""threshold"":0.6,""total_cost_usd"":335.5,""trade_count"":55,""trade_frequency"":0.00630228027959207,""win_rate_after_cost"":0.5454545454545454}}}}",NOT_RUN_PHASE_I,REJECTED_BRIER_NO_SKILL,Evaluation Brier score does not beat the frozen base-rate reference,"No automatic promotion; evaluation is exposed research pool, not final holdout",COMPLETED,f8e84351f98bbe88f1f899ee3db87f5e3a0066cede1989f8893feca0c0f8bc18,f3c73aa80346217f409278dc154490a3250df620ae29b5a248cb0b13810c6afc,COMPLETED,5b5258538fb2f9c9d0a622637d4ca171137ce4407364d43e1eab9f1d0e6e4428
QRP-C1-ML003,QRP-C1-BL002,e2b912474454a307650f4f74d4a847a44257590a,03e3de8baa54df0340df2b5e49cb2441b7e4c0ae0c302bfbdee857e66aa59c7c,64aba3e9323fca81b51d5427fdc7b63f4056d9dd68c6ce2066a6b35ac367db97,TECHNICAL_H1_COMPLETED_V1,XGBOOST_V1,d7c87d5002208a33297fbaf4db37f4c8eed6971dfad671d44b85309f8b0cc500,1,"{""base_rate"":0.5542438872449774,""selected_features"":[""feature_return_1"",""feature_return_3"",""feature_return_12"",""feature_return_24"",""feature_atr14_pct"",""feature_realized_volatility_24"",""feature_close_to_sma20"",""feature_tick_volume_ratio_20"",""feature_volatility_ratio_12_48"",""feature_close_position_in_range""]}","{""primary_trading"":{""accounting_evidence"":""NORMALIZED_FIXED_HORIZON_SCENARIO_NOT_BROKER_FACT"",""eligible_sample_count"":8727,""ending_balance_usd"":51116.4,""expected_net_value_per_trade_usd"":1.701829268292683,""gross_pnl_usd"":5118.0,""maximum_closed_equity_drawdown_usd"":7180.0,""net_pnl_usd"":1116.4,""threshold"":0.55,""total_cost_usd"":4001.6,""trade_count"":656,""trade_frequency"":0.07516901569840724,""win_rate_after_cost"":0.5396341463414634},""probability"":{""brier_score"":0.24777697026729584,""expected_calibration_error"":0.008348568056516851,""log_loss"":0.6887015104293823,""long_precision"":0.5505450941526263,""long_recall"":0.6948092557848655,""long_signal_fraction"":0.6937091784118253,""positive_rate"":0.549673427294603,""reference_brier_score"":0.2475534397249658,""reference_log_loss"":0.6882463799586462,""reliability_bins"":[{""count"":0,""lower"":0.0,""mean_probability"":null,""observed_positive_rate"":null,""upper"":0.1},{""count"":0,""lower"":0.1,""mean_probability"":null,""observed_positive_rate"":null,""upper"":0.2},{""count"":0,""lower"":0.2,""mean_probability"":null,""observed_positive_rate"":null,""upper"":0.30000000000000004},{""count"":0,""lower"":0.30000000000000004,""mean_probability"":null,""observed_positive_rate"":null,""upper"":0.4},{""count"":8,""lower"":0.4,""mean_probability"":0.49464714527130127,""observed_positive_rate"":0.875,""upper"":0.5},{""count"":8611,""lower"":0.5,""mean_probability"":0.5567363500595093,""observed_positive_rate"":0.5499941934734641,""upper"":0.6000000000000001},{""count"":108,""lower"":0.6000000000000001,""mean_probability"":0.6088742613792419,""observed_positive_rate"":0.5,""upper"":0.7000000000000001},{""count"":0,""lower"":0.7000000000000001,""mean_probability"":null,""observed_positive_rate"":null,""upper"":0.8},{""count"":0,""lower"":0.8,""mean_probability"":null,""observed_positive_rate"":null,""upper"":0.9},{""count"":0,""lower"":0.9,""mean_probability"":null,""observed_positive_rate"":null,""upper"":1.0}],""roc_auc"":0.4998191989162013,""sample_count"":8727,""short_precision"":0.0,""short_recall"":0.0,""short_signal_fraction"":0.0}}","{""nested_validation"":""NOT_RUN_PHASE_I"",""threshold_scenarios"":{""0.50"":{""NORMALIZED_HIGH_COST"":{""accounting_evidence"":""NORMALIZED_FIXED_HORIZON_SCENARIO_NOT_BROKER_FACT"",""eligible_sample_count"":8727,""ending_balance_usd"":46762.4,""expected_net_value_per_trade_usd"":-4.447252747252747,""gross_pnl_usd"":8228.4,""maximum_closed_equity_drawdown_usd"":8031.3,""net_pnl_usd"":-3237.6,""threshold"":0.5,""total_cost_usd"":11466.0,""trade_count"":728,""trade_frequency"":0.08341927351896414,""win_rate_after_cost"":0.5082417582417582},""NORMALIZED_LOW_COST"":{""accounting_evidence"":""NORMALIZED_FIXED_HORIZON_SCENARIO_NOT_BROKER_FACT"",""eligible_sample_count"":8727,""ending_balance_usd"":56408.4,""expected_net_value_per_trade_usd"":8.802747252747253,""gross_pnl_usd"":8228.4,""maximum_closed_equity_drawdown_usd"":6028.7,""net_pnl_usd"":6408.4,""threshold"":0.5,""total_cost_usd"":1820.0,""trade_count"":728,""trade_frequency"":0.08341927351896414,""win_rate_after_cost"":0.5467032967032966},""NORMALIZED_MEDIUM_COST"":{""accounting_evidence"":""NORMALIZED_FIXED_HORIZON_SCENARIO_NOT_BROKER_FACT"",""eligible_sample_count"":8727,""ending_balance_usd"":53787.6,""expected_net_value_per_trade_usd"":5.202747252747253,""gross_pnl_usd"":8228.4,""maximum_closed_equity_drawdown_usd"":6267.8,""net_pnl_usd"":3787.6,""threshold"":0.5,""total_cost_usd"":4440.8,""trade_count"":728,""trade_frequency"":0.08341927351896414,""win_rate_after_cost"":0.5315934065934066}},""0.55"":{""NORMALIZED_HIGH_COST"":{""accounting_evidence"":""NORMALIZED_FIXED_HORIZON_SCENARIO_NOT_BROKER_FACT"",""eligible_sample_count"":8727,""ending_balance_usd"":44786.0,""expected_net_value_per_trade_usd"":-7.948170731707317,""gross_pnl_usd"":5118.0,""maximum_closed_equity_drawdown_usd"":8853.95,""net_pnl_usd"":-5214.0,""threshold"":0.55,""total_cost_usd"":10332.0,""trade_count"":656,""trade_frequency"":0.07516901569840724,""win_rate_after_cost"":0.5137195121951219},""NORMALIZED_LOW_COST"":{""accounting_evidence"":""NORMALIZED_FIXED_HORIZON_SCENARIO_NOT_BROKER_FACT"",""eligible_sample_count"":8727,""ending_balance_usd"":53478.0,""expected_net_value_per_trade_usd"":5.301829268292683,""gross_pnl_usd"":5118.0,""maximum_closed_equity_drawdown_usd"":6885.1,""net_pnl_usd"":3478.0,""threshold"":0.55,""total_cost_usd"":1640.0,""trade_count"":656,""trade_frequency"":0.07516901569840724,""win_rate_after_cost"":0.5487804878048781},""NORMALIZED_MEDIUM_COST"":{""accounting_evidence"":""NORMALIZED_FIXED_HORIZON_SCENARIO_NOT_BROKER_FACT"",""eligible_sample_count"":8727,""ending_balance_usd"":51116.4,""expected_net_value_per_trade_usd"":1.701829268292683,""gross_pnl_usd"":5118.0,""maximum_closed_equity_drawdown_usd"":7180.0,""net_pnl_usd"":1116.4,""threshold"":0.55,""total_cost_usd"":4001.6,""trade_count"":656,""trade_frequency"":0.07516901569840724,""win_rate_after_cost"":0.5396341463414634}},""0.60"":{""NORMALIZED_HIGH_COST"":{""accounting_evidence"":""NORMALIZED_FIXED_HORIZON_SCENARIO_NOT_BROKER_FACT"",""eligible_sample_count"":8727,""ending_balance_usd"":49053.0,""expected_net_value_per_trade_usd"":-21.522727272727273,""gross_pnl_usd"":-254.0,""maximum_closed_equity_drawdown_usd"":2184.55,""net_pnl_usd"":-947.0,""threshold"":0.6,""total_cost_usd"":693.0,""trade_count"":44,""trade_frequency"":0.005041824223673656,""win_rate_after_cost"":0.5},""NORMALIZED_LOW_COST"":{""accounting_evidence"":""NORMALIZED_FIXED_HORIZON_SCENARIO_NOT_BROKER_FACT"",""eligible_sample_count"":8727,""ending_balance_usd"":49636.0,""expected_net_value_per_trade_usd"":-8.272727272727273,""gross_pnl_usd"":-254.0,""maximum_closed_equity_drawdown_usd"":1806.2,""net_pnl_usd"":-364.0,""threshold"":0.6,""total_cost_usd"":110.0,""trade_count"":44,""trade_frequency"":0.005041824223673656,""win_rate_after_cost"":0.5681818181818182},""NORMALIZED_MEDIUM_COST"":{""accounting_evidence"":""NORMALIZED_FIXED_HORIZON_SCENARIO_NOT_BROKER_FACT"",""eligible_sample_count"":8727,""ending_balance_usd"":49477.6,""expected_net_value_per_trade_usd"":-11.872727272727273,""gross_pnl_usd"":-254.0,""maximum_closed_equity_drawdown_usd"":1907.0,""net_pnl_usd"":-522.4,""threshold"":0.6,""total_cost_usd"":268.4,""trade_count"":44,""trade_frequency"":0.005041824223673656,""win_rate_after_cost"":0.5454545454545454}}}}",NOT_RUN_PHASE_I,REJECTED_BRIER_NO_SKILL,Evaluation Brier score does not beat the frozen base-rate reference,"No automatic promotion; evaluation is exposed research pool, not final holdout",COMPLETED,d7c87d5002208a33297fbaf4db37f4c8eed6971dfad671d44b85309f8b0cc500,f3c73aa80346217f409278dc154490a3250df620ae29b5a248cb0b13810c6afc,COMPLETED,abeb54c886a6e55663aec2fe099c3e3429ceb184a565ed1e71fe3a0570d8d5b9
QRP-C2-J001,QRP-C1-J004,e2b912474454a307650f4f74d4a847a44257590a,2495f924453cb1290f4c3664b41ba01b7a017c239b7c5532bd3e89f22789b97d,030339acf611188c935e1056a13a8297da2aa6d955a568f000634d9403bd8bb1,COMPLETED_DAILY_OHLC_V1,NOT_APPLICABLE_RULE,f07afcbb6ac4e70ef2ae8270b816655320239095877343b688e1226311452ffb,3,"{""inner_complete_paths_per_outer_fold"":5,""inner_cpcv_combinations_per_outer_fold"":15,""parameter_rank_stability"":[-0.014285714285714285,0.1761904761904762,0.047619047619047616,0.44761904761904764,0.3619047619047619],""selected_candidates"":[""MOM_VOL_STATE_ALL"",""MOM_VOL_STATE_LOW_Q0.33"",""MOM_VOL_STATE_LOW_Q0.33"",""MOM_VOL_STATE_LOW_Q0.33"",""MOM_VOL_STATE_LOW_Q0.33""]}","{""maximum_absolute_train_to_test_decay"":5.434759801424695,""outer_aggregate"":{""commission_usd"":212.0,""direction_success_rate"":null,""financing_cost_usd"":53.0,""gross_pnl_usd"":5368.2,""maximum_closed_equity_drawdown_usd"":3343.100000000013,""medium_net_per_trade_usd"":45.14339622641509,""meets_drawdown_reporting_threshold"":false,""net_by_scenario"":{""NORMALIZED_HIGH_COST"":3857.7,""NORMALIZED_LOW_COST"":5103.2,""NORMALIZED_MEDIUM_COST"":4785.2},""slippage_cost_usd"":106.0,""spread_cost_usd"":212.0,""total_primary_cost_usd"":583.0,""trade_count"":106},""outer_prediction_log_sha256"":""5a8ca92b6b6cc73466a1fd7b1dffee6adb7a41847a23c71c3e1051c9353c9841"",""outer_probability_metrics"":null,""outer_trade_log_sha256"":""b5541d3a0e147e3bd960708a9ddd96ebe6733f3485ffb26d008c6508f33f43c7"",""train_to_test_decay"":{""count"":5,""lower_quartile"":0.5277658200602672,""median"":2.3762777596683464,""worst_decile"":0.5026492706781607}}",NOT_APPLICABLE_NO_PHASE_J_CYCLE2_SURVIVOR,NOT_APPLICABLE_NO_PHASE_J_CYCLE2_SURVIVOR,REJECTED_PHASE_J,"['LOWER_QUARTILE_OUTER_FOLD_NET_NONPOSITIVE', 'TRAIN_TO_TEST_DECAY_EXCESSIVE_OR_UNAVAILABLE']","Independent cycle-two validation passed with the permanent orchestration caveat in CYCLE_2_GOVERNANCE_DEVIATION.md. No Phase K handoff, LucidFlex run, automatic promotion, paper trading, or live execution is authorized.",COMPLETED,c0dd5057b4aba3ae21c9bf542f6703ccd70bf6dab3d6eb3d6ea1565797d874aa,491a988d2189f96bf4a76d331a62a728b6a2fb8fc76abbf4e50848fe190633ac,COMPLETED,ed7818ffecb23860a7b59deeaf54608c36e60527b09f13a4c13ff4bb2591fea3
QRP-C2-J002,QRP-C1-J002,e2b912474454a307650f4f74d4a847a44257590a,2495f924453cb1290f4c3664b41ba01b7a017c239b7c5532bd3e89f22789b97d,030339acf611188c935e1056a13a8297da2aa6d955a568f000634d9403bd8bb1,COMPLETED_DAILY_OHLC_V1,NOT_APPLICABLE_RULE,d0a8496bb82243abc553ff2092c69bb694ed0f5ffc8ec973aad5c61b5bc35fbd,3,"{""inner_complete_paths_per_outer_fold"":5,""inner_cpcv_combinations_per_outer_fold"":15,""parameter_rank_stability"":[-0.06666666666666667,-0.05238095238095238,0.06190476190476191,0.01904761904761905,0.1619047619047619],""selected_candidates"":[""MOM_CONSENSUS_3_OF_3"",""MOM_CONSENSUS_3_OF_3"",""MOM_CONSENSUS_3_OF_3"",""MOM_CONSENSUS_3_OF_3"",""MOM_CONSENSUS_3_OF_3""]}","{""maximum_absolute_train_to_test_decay"":5.023724519008462,""outer_aggregate"":{""commission_usd"":310.0,""direction_success_rate"":null,""financing_cost_usd"":77.5,""gross_pnl_usd"":5022.4,""maximum_closed_equity_drawdown_usd"":5534.100000000006,""medium_net_per_trade_usd"":26.902580645161287,""meets_drawdown_reporting_threshold"":false,""net_by_scenario"":{""NORMALIZED_HIGH_COST"":2813.65,""NORMALIZED_LOW_COST"":4634.9,""NORMALIZED_MEDIUM_COST"":4169.9},""slippage_cost_usd"":155.0,""spread_cost_usd"":310.0,""total_primary_cost_usd"":852.5,""trade_count"":155},""outer_prediction_log_sha256"":""03a3bca75da1f7f0ddf56f35171612c50552386feb0ee9a06e80d741a8d2371c"",""outer_probability_metrics"":null,""outer_trade_log_sha256"":""6b1fe917278911ead3e011c720cca39ee2933e5064c73118d9fb7084f354a90a"",""train_to_test_decay"":{""count"":5,""lower_quartile"":1.0747247026157196,""median"":2.2130971019686996,""worst_decile"":0.9813942923502361}}",NOT_APPLICABLE_NO_PHASE_J_CYCLE2_SURVIVOR,NOT_APPLICABLE_NO_PHASE_J_CYCLE2_SURVIVOR,REJECTED_PHASE_J,"['LOWER_QUARTILE_OUTER_FOLD_NET_NONPOSITIVE', 'TRAIN_TO_TEST_DECAY_EXCESSIVE_OR_UNAVAILABLE']","Independent cycle-two validation passed with the permanent orchestration caveat in CYCLE_2_GOVERNANCE_DEVIATION.md. No Phase K handoff, LucidFlex run, automatic promotion, paper trading, or live execution is authorized.",COMPLETED,c47195e54be2273d547504b9d21d27df6d7b16031cff8296031f7d9d5cd82d68,491a988d2189f96bf4a76d331a62a728b6a2fb8fc76abbf4e50848fe190633ac,COMPLETED,9732b402ab1cfe34c4055d412f2574f4502918944b78de9233e6b5e816337da3
QRP-C2-J003,QRP-C1-J005,e2b912474454a307650f4f74d4a847a44257590a,2495f924453cb1290f4c3664b41ba01b7a017c239b7c5532bd3e89f22789b97d,030339acf611188c935e1056a13a8297da2aa6d955a568f000634d9403bd8bb1,COMPLETED_DAILY_PLUS_H1_ASOF_V1,NOT_APPLICABLE_RULE,c95cb2269f1e7bb21f85dbbcec4011f27a3dccff4fad8da0429ac3a06fa3e4f4,3,"{""inner_complete_paths_per_outer_fold"":5,""inner_cpcv_combinations_per_outer_fold"":15,""parameter_rank_stability"":[0.2761904761904762,-0.0380952380952381,-0.06666666666666667,-0.009523809523809525,0.24761904761904763],""selected_candidates"":[""MOM_H1_ALIGN_NONE"",""MOM_H1_ALIGN_SAME_SIGN_Q0.50"",""MOM_H1_ALIGN_SAME_SIGN_Q0.50"",""MOM_H1_ALIGN_SAME_SIGN_Q0.50"",""MOM_H1_ALIGN_SAME_SIGN_Q0.50""]}","{""maximum_absolute_train_to_test_decay"":2.7528682131535254,""outer_aggregate"":{""commission_usd"":276.0,""direction_success_rate"":null,""financing_cost_usd"":69.0,""gross_pnl_usd"":8115.2,""maximum_closed_equity_drawdown_usd"":5039.4000000000015,""medium_net_per_trade_usd"":53.30579710144927,""meets_drawdown_reporting_threshold"":false,""net_by_scenario"":{""NORMALIZED_HIGH_COST"":6148.7,""NORMALIZED_LOW_COST"":7770.2,""NORMALIZED_MEDIUM_COST"":7356.2},""slippage_cost_usd"":138.0,""spread_cost_usd"":276.0,""total_primary_cost_usd"":759.0,""trade_count"":138},""outer_prediction_log_sha256"":""df156825e8688ca42cd4f9130bad66d19e2c63c6a418f947d6fa08ddfbb42fa5"",""outer_probability_metrics"":null,""outer_trade_log_sha256"":""ebd4a99b249faf86f29334cd7484e3ca2a0282feabc0ae54202963577aee9d37"",""train_to_test_decay"":{""count"":5,""lower_quartile"":1.4678077934496772,""median"":2.3762777596683464,""worst_decile"":0.6671454835777388}}",NOT_APPLICABLE_NO_PHASE_J_CYCLE2_SURVIVOR,NOT_APPLICABLE_NO_PHASE_J_CYCLE2_SURVIVOR,REJECTED_PHASE_J,"['LOWER_QUARTILE_OUTER_FOLD_NET_NONPOSITIVE', 'TRAIN_TO_TEST_DECAY_EXCESSIVE_OR_UNAVAILABLE']","Independent cycle-two validation passed with the permanent orchestration caveat in CYCLE_2_GOVERNANCE_DEVIATION.md. No Phase K handoff, LucidFlex run, automatic promotion, paper trading, or live execution is authorized.",COMPLETED,be879bb01adcec6d7b4e65edea1ae6e519f3a58f22a7ded6c79aebf581113953,491a988d2189f96bf4a76d331a62a728b6a2fb8fc76abbf4e50848fe190633ac,COMPLETED,b2e88290e93c7ecc65218c1c488facfe8aff9f299826ccd0fcd7336cb51423c1
QRP-C2-J004,QRP-C1-J005,e2b912474454a307650f4f74d4a847a44257590a,2495f924453cb1290f4c3664b41ba01b7a017c239b7c5532bd3e89f22789b97d,030339acf611188c935e1056a13a8297da2aa6d955a568f000634d9403bd8bb1,COMPLETED_DAILY_PLUS_H1_ASOF_V1,NOT_APPLICABLE_RULE,682bef866dee6b20de772b989f9c8b398821291bd55a6b0737ede3461232eb21,3,"{""inner_complete_paths_per_outer_fold"":5,""inner_cpcv_combinations_per_outer_fold"":15,""parameter_rank_stability"":[-0.06666666666666667,0.004761904761904762,0.1,0.32857142857142857,0.004761904761904762],""selected_candidates"":[""MOM_RANGE_Q0.00"",""MOM_RANGE_Q0.00"",""MOM_RANGE_Q0.67"",""MOM_RANGE_Q0.67"",""MOM_RANGE_Q0.67""]}","{""maximum_absolute_train_to_test_decay"":26.658135860979463,""outer_aggregate"":{""commission_usd"":302.0,""direction_success_rate"":null,""financing_cost_usd"":75.5,""gross_pnl_usd"":4512.4,""maximum_closed_equity_drawdown_usd"":4157.5,""medium_net_per_trade_usd"":24.38344370860927,""meets_drawdown_reporting_threshold"":false,""net_by_scenario"":{""NORMALIZED_HIGH_COST"":2360.65,""NORMALIZED_LOW_COST"":4134.9,""NORMALIZED_MEDIUM_COST"":3681.9},""slippage_cost_usd"":151.0,""spread_cost_usd"":302.0,""total_primary_cost_usd"":830.5,""trade_count"":151},""outer_prediction_log_sha256"":""1b355b766c72f0455f4c297c158765932c7483199455ce8f3cd9b1f4f225336e"",""outer_probability_metrics"":null,""outer_trade_log_sha256"":""5aa25f7ed8c684daf96bb29f0d572224c87768ec7f86d4f2b20cc69001ec4d64"",""train_to_test_decay"":{""count"":5,""lower_quartile"":2.1912165292319097,""median"":2.3762777596683464,""worst_decile"":1.1686648401963782}}",NOT_APPLICABLE_NO_PHASE_J_CYCLE2_SURVIVOR,NOT_APPLICABLE_NO_PHASE_J_CYCLE2_SURVIVOR,REJECTED_PHASE_J,"['LOWER_QUARTILE_OUTER_FOLD_NET_NONPOSITIVE', 'PROFITABLE_OUTER_FOLD_FRACTION_LOW', 'TRAIN_TO_TEST_DECAY_EXCESSIVE_OR_UNAVAILABLE']","Independent cycle-two validation passed with the permanent orchestration caveat in CYCLE_2_GOVERNANCE_DEVIATION.md. No Phase K handoff, LucidFlex run, automatic promotion, paper trading, or live execution is authorized.",COMPLETED,434ea8320000e7ca87a3863c661bd874cea97dfa32002b9f85dff972c7839580,491a988d2189f96bf4a76d331a62a728b6a2fb8fc76abbf4e50848fe190633ac,COMPLETED,705f8f40128774c6fc072e07c5d60fa466759b98efc8c7ba02b009e1448ea52a
QRP-C2-J005,QRP-C1-J006,e2b912474454a307650f4f74d4a847a44257590a,2495f924453cb1290f4c3664b41ba01b7a017c239b7c5532bd3e89f22789b97d,030339acf611188c935e1056a13a8297da2aa6d955a568f000634d9403bd8bb1,DAILY_PATH_PLUS_TECHNICAL_H1_ASOF_V1,LOGISTIC_ADVERSE_RISK_VETO_CYCLE2_V1,553a0138237a194396b3ecd39e12a7abc9ed9a5aa085e535312b5aa04749cc60,6,"{""inner_complete_paths_per_outer_fold"":5,""inner_cpcv_combinations_per_outer_fold"":15,""parameter_rank_stability"":[0.9542857142857143,1.0,0.7268027210884354,0.8552380952380952,0.9771428571428572],""selected_candidates"":[null,null,null,null,null]}","{""maximum_absolute_train_to_test_decay"":null,""outer_aggregate"":{""commission_usd"":0.0,""direction_success_rate"":null,""financing_cost_usd"":0.0,""gross_pnl_usd"":0.0,""maximum_closed_equity_drawdown_usd"":0.0,""medium_net_per_trade_usd"":null,""meets_drawdown_reporting_threshold"":true,""net_by_scenario"":{""NORMALIZED_HIGH_COST"":0.0,""NORMALIZED_LOW_COST"":0.0,""NORMALIZED_MEDIUM_COST"":0.0},""slippage_cost_usd"":0.0,""spread_cost_usd"":0.0,""total_primary_cost_usd"":0.0,""trade_count"":0},""outer_prediction_log_sha256"":""d21b054e89110c36f0a085768e1dce8d25950757eb549bd737fe86dc80fcfa9c"",""outer_probability_metrics"":null,""outer_trade_log_sha256"":""deda7057810062254fe35ec34d11e1375ae9dc176bd7858d7c6b9886be21c720"",""train_to_test_decay"":{""count"":0,""lower_quartile"":null,""median"":null,""worst_decile"":null}}",NOT_APPLICABLE_NO_PHASE_J_CYCLE2_SURVIVOR,NOT_APPLICABLE_NO_PHASE_J_CYCLE2_SURVIVOR,REJECTED_PHASE_J,"['AGGREGATE_HIGH_COST_NET_NONPOSITIVE', 'AGGREGATE_MEDIUM_COST_NET_NONPOSITIVE', 'LOWER_QUARTILE_OUTER_FOLD_NET_NONPOSITIVE', 'OUTER_FOLD_WITHOUT_ELIGIBLE_INNER_CANDIDATE', 'OUTER_PROBABILITY_METRICS_UNAVAILABLE', 'OUTER_TRADE_COUNT_LOW', 'PROFITABLE_OUTER_FOLD_FRACTION_LOW', 'TRAIN_TO_TEST_DECAY_EXCESSIVE_OR_UNAVAILABLE']","Independent cycle-two validation passed with the permanent orchestration caveat in CYCLE_2_GOVERNANCE_DEVIATION.md. No Phase K handoff, LucidFlex run, automatic promotion, paper trading, or live execution is authorized.",COMPLETED,6804debb44c16b7dc30330325f9179e3e3decc6012240c80a056cfbc5b4712c0,491a988d2189f96bf4a76d331a62a728b6a2fb8fc76abbf4e50848fe190633ac,COMPLETED,b3bf2a79d4d4b4ca3e6d017fba63e2402bece0a0436f4b7d49c6ae52b3e3c659
QRP-C2-J006,QRP-C1-J007,e2b912474454a307650f4f74d4a847a44257590a,2495f924453cb1290f4c3664b41ba01b7a017c239b7c5532bd3e89f22789b97d,030339acf611188c935e1056a13a8297da2aa6d955a568f000634d9403bd8bb1,TECHNICAL_H1_COMPLETED_PLUS_BARRIER_V1,SHALLOW_TREE_THREE_WAY_BARRIER_CYCLE2_V1,f5e6d105a59bbe4f9701478ace033b97481c56dc3dd2e8ac45abcad949784c20,4,"{""inner_complete_paths_per_outer_fold"":5,""inner_cpcv_combinations_per_outer_fold"":15,""parameter_rank_stability"":[0.23809523809523805,0.6342857142857142,0.6038095238095238,0.3295238095238095,0.6038095238095238],""selected_candidates"":[null,null,null,null,null]}","{""maximum_absolute_train_to_test_decay"":null,""outer_aggregate"":{""commission_usd"":0.0,""direction_success_rate"":null,""financing_cost_usd"":0.0,""gross_pnl_usd"":0.0,""maximum_closed_equity_drawdown_usd"":0.0,""medium_net_per_trade_usd"":null,""meets_drawdown_reporting_threshold"":true,""net_by_scenario"":{""NORMALIZED_HIGH_COST"":0.0,""NORMALIZED_LOW_COST"":0.0,""NORMALIZED_MEDIUM_COST"":0.0},""slippage_cost_usd"":0.0,""spread_cost_usd"":0.0,""total_primary_cost_usd"":0.0,""trade_count"":0},""outer_prediction_log_sha256"":""d21b054e89110c36f0a085768e1dce8d25950757eb549bd737fe86dc80fcfa9c"",""outer_probability_metrics"":null,""outer_trade_log_sha256"":""deda7057810062254fe35ec34d11e1375ae9dc176bd7858d7c6b9886be21c720"",""train_to_test_decay"":{""count"":0,""lower_quartile"":null,""median"":null,""worst_decile"":null}}",NOT_APPLICABLE_NO_PHASE_J_CYCLE2_SURVIVOR,NOT_APPLICABLE_NO_PHASE_J_CYCLE2_SURVIVOR,REJECTED_PHASE_J,"['AGGREGATE_HIGH_COST_NET_NONPOSITIVE', 'AGGREGATE_MEDIUM_COST_NET_NONPOSITIVE', 'LOWER_QUARTILE_OUTER_FOLD_NET_NONPOSITIVE', 'OUTER_FOLD_WITHOUT_ELIGIBLE_INNER_CANDIDATE', 'OUTER_MULTICLASS_PROBABILITY_METRICS_UNAVAILABLE', 'OUTER_TRADE_COUNT_LOW', 'PROFITABLE_OUTER_FOLD_FRACTION_LOW', 'TRAIN_TO_TEST_DECAY_EXCESSIVE_OR_UNAVAILABLE']","Independent cycle-two validation passed with the permanent orchestration caveat in CYCLE_2_GOVERNANCE_DEVIATION.md. No Phase K handoff, LucidFlex run, automatic promotion, paper trading, or live execution is authorized.",COMPLETED,10e761b177d4cccc349e5f0030145b6e1f78afba1cbc559be33e9c204cfabd2e,491a988d2189f96bf4a76d331a62a728b6a2fb8fc76abbf4e50848fe190633ac,COMPLETED,c1d19f46dffbbcf62fb1197f3b42aa646f260171660f490ae680cb02d7365c4f
SMART-MARKETSCOPE-PUBLIC-MACRO-BIAS-001,MLR-TECH-ECO-001,46b993c7b11b99f5f216b790c446bea42d541694,b5784ce9ab7311063b21eb33bdaf9c4218a5ade730624c00a3ddb50e468b7db7,PUBLIC_MACRO_ACCESS_AUDIT_V1,NOT_APPLICABLE_GATE_FAILED_BEFORE_FEATURES,NOT_APPLICABLE_RULE_BASED_SCORING_NOT_STARTED,de39cb4e8cd2bd34966c18d602e48c37e979043ea9c97ab94f73982bad206de5,0,NOT_APPLICABLE_NO_MODEL,"{""access_outcome"":""PUBLIC_ACCESS_PARTIAL"",""captcha_count"":0,""collection_gates_passed"":1,""collection_gates_total"":10,""final_holdout_accesses"":0,""http_403_count"":0,""http_429_count"":0,""normalized_observations"":0,""pilot_interactions"":8,""protected_data_accesses"":0,""raw_pages_persisted"":0,""successful_html_urls"":6}",NOT_APPLICABLE_GATE_FAILED_BEFORE_COLLECTION,NOT_APPLICABLE_NO_MACRO_CANDIDATE,PUBLIC_HISTORY_NOT_POINT_IN_TIME_SAFE,"['PUBLIC_HISTORY_NOT_POINT_IN_TIME_SAFE', 'PUBLIC_CONSENSUS_HISTORY_UNAVAILABLE']","Public pages were reachable without bypass, but historical as-published Actual, Consensus, Previous, exact release clocks, and immutable revision lineage were not demonstrated. Roles 3-7, full collection, scoring, alignment, PnL comparison, paper trading, and deployment were not run.",FAILED,de39cb4e8cd2bd34966c18d602e48c37e979043ea9c97ab94f73982bad206de5,aa8e1f35491550d66e1e210189cc9f4e383a83d088513fb5bb3176cab5a9bb9f,FAILED,4078a29b2e15bc782b553436054e7448a65884d18b588df61669eeb651f33f68
SMART-MARKETSCOPE-NAS100-MACRO-ASOF-001,SMART-MARKETSCOPE-PUBLIC-MACRO-BIAS-001,d6c9f12726e068a5d66d9f4142d93751a84822f2,48a920fa2b78262b3595fff863e317a00e1e143920aebad07a5491475f996b90,ASOF_WEEKLY_STATE_V1,NOT_APPLICABLE_DISPLAY,NOT_APPLICABLE_RULE_BASED,195fea5a8844d2f930150f0b3e4aae51dc29d8f5131c3eabfbdb5053d4c7f2f9,0,NOT_APPLICABLE_NO_TRAINING,"{""focused_backend"":""6 passed / 44 assertions"",""full_backend"":""98 passed / 503 assertions"",""frontend"":""71 passed"",""browser_latest_week"":""21 active / 3 updated / 18 carried / 0 pre-inception""}","{""no_lookahead"":true,""carry_until_replacement"":true,""all_21_after_2010_04_26"":true}",NOT_APPLICABLE_NO_PROP_SIMULATION,PASS_DISPLAY_ONLY_ASOF_STATE_CORRECTION,CURRENT_VINTAGE_NOT_POINT_IN_TIME_SAFE,"Display-only weekly state correction; no price, PnL, strategy selection, or execution. Exact observation dates retained and future rows excluded.",COMPLETED,71a1ffa6005df98434c2514d02a6809d0e18b7a3f07b394b15224386f55aaa4e,d8fd3ad24643cfbe5d21a30cc88ae4549cb774af52d7e158d2135818a1aebbb9,COMPLETED,add595780b70dc0d0f96b97c6190a14cfaeb7cf938e50dd9553cdd8d136ce6b0
MLR-D1-IMMEDIATE-WICK-SWEEP-CORRECTION-001,MLR-TECH-ECO-001,d6c9f12726e068a5d66d9f4142d93751a84822f2,45123acab32679cb426e283ddaae560c6d3b86ca04ba71599d207c14a8ad2bff,3ca43ea53444053bb7a3ad7afb89988433029977130fba51a92de1185d3322af,D1_IMMEDIATE_WICK_SWEEP_CENSUS_V1,NOT_APPLICABLE_RULE_BASED,fc18512f57845c7eb0459b46cc35e7cd0bf0abb87ce51d4f16ef5e58e7a964ea,1,NOT_APPLICABLE_NO_TRAINING,"{""eligible_d1_bars"":2309,""eligible_adjacent_pairs"":2308,""d1_sweep_count"":614,""bullish_count"":272,""bearish_count"":342}",NOT_APPLICABLE_DETECTOR_CORRECTION_ONLY,NOT_APPLICABLE_NO_PROP_SIMULATION,PASS_D1_DETECTOR_FIDELITY_ONLY,NOT_APPLICABLE_NO_EDGE_CLAIM,"Single user-specified detector correction. Legacy 454 setups and TECHNICAL_EDGE_NOT_FOUND preserved; no H4, lower timeframe, macro, outcome, PnL, candidate, or champion.",COMPLETED,55067f2fd1a03caa27c69f407469f63559ef1f1c1f4ed386aa517bd8d3644e6d,fc18512f57845c7eb0459b46cc35e7cd0bf0abb87ce51d4f16ef5e58e7a964ea,COMPLETED,946ab235a56e1bfffe2d519da6731b2ff4fdf80170e42e1d9b754013a6fc78e9
MLR-H4-IMMEDIATE-WICK-CONFIRMATION-001,MLR-D1-IMMEDIATE-WICK-SWEEP-CORRECTION-001,d6c9f12726e068a5d66d9f4142d93751a84822f2,e96b16aab5a3c6209d9c8e27a494f29abd98b2a438d651dff02821210c95b013,ae2a1077f70743bf3307ab02d374de4ddc6cf44330e32e0fd6b3bcbb9608ea8c,D1_H4_IMMEDIATE_WICK_CONFIRMATION_CENSUS_V1,NOT_APPLICABLE_RULE_BASED,8a92f99fa3980570371a0b7ae836681f8953b9f7dd517631ac40d249adc44f38,1,NOT_APPLICABLE_NO_TRAINING,"{""d1_sweep_count"":614,""complete_window_count"":613,""h4_confirmed_count"":330,""h4_expired_count"":283,""incomplete_window_count"":1,""bullish_h4_confirmed_count"":136,""bearish_h4_confirmed_count"":194}",NOT_APPLICABLE_DETECTOR_CONFIRMATION_ONLY,NOT_APPLICABLE_NO_PROP_SIMULATION,PASS_H4_CONFIRMATION_FIDELITY_ONLY,NOT_APPLICABLE_NO_EDGE_CLAIM,"Single preregistered H4 child confirmation window. Both H4 candles close after D1 confirmation; first same-direction immediate-candle sweep must complete by the next D1 close. No lower timeframe, macro, outcome, PnL, candidate, or champion.",COMPLETED,194f77c92b309b63cd21f5cfe1ffda860c7fce97a19be316671d2ea06d6be0d3,8a92f99fa3980570371a0b7ae836681f8953b9f7dd517631ac40d249adc44f38,COMPLETED,7369c64e88bd0e4b4d2329443713e0eadc0ea2175ada77ad1fdcf039666ff0fb
MLR-LTF-ICT-ENTRY-COMPARISON-001,MLR-H4-IMMEDIATE-WICK-CONFIRMATION-001,d6c9f12726e068a5d66d9f4142d93751a84822f2,b7eef324cbc11152b8e188a6cb98701480ebc7f06b3c188bf0303f8faead1c85,83eb2e2d55ff27198621cb41a0c08612f0747ac79a41107df29b27d536c811ab,D1_H4_LTF_ICT_2R_COMPARISON_V1,NOT_APPLICABLE_RULE_BASED,d704c9cf0ebcba199c81b546cefa243d54d7c9837a2f5aa7d8cb46e4246aadc5,9,NOT_APPLICABLE_NO_TRAINING,"{""parent_event_count"":330,""configuration_count"":9,""all_nine_gross_negative"":true,""all_nine_medium_cost_negative"":true,""closest_configuration"":""M15_SWEEP_MSS_FVG_RETRACE"",""closest_gross_expectancy_r"":-0.003381211416075199,""closest_medium_cost_expectancy_r"":-0.31812327391957546}",NORMALIZED_LOW_MEDIUM_HIGH_COST_ALL_NEGATIVE,NOT_APPLICABLE_NO_PROP_SIMULATION,TECHNICAL_EDGE_NOT_FOUND,ALL_NINE_CONFIGURATIONS_NEGATIVE_GROSS_AND_NORMALIZED_COST,"Nine frozen standalone configurations on 330 H4-confirmed parents. No pooling, post-result tuning, macro gate, candidate, champion, paper, broker, or live execution.",COMPLETED,1b935445e52184a2a2e3797e8a62ddd4aa04fa9e09c94c18c5e3b2c53654dcc1,d704c9cf0ebcba199c81b546cefa243d54d7c9837a2f5aa7d8cb46e4246aadc5,COMPLETED,e2dfbcc8c9cc6362cc62844cb9bc002b92356e5d3e9335aeeb690b11fb9fefda
MLR-M1-FULL-WICK-BREAKER-FVG-001,MLR-H4-IMMEDIATE-WICK-CONFIRMATION-001,d6c9f12726e068a5d66d9f4142d93751a84822f2,9ca414716a7c30b20006052af651d1f06f77ce23f62e7072feebd79896567f65,9e97a43c8155b19f06e6e68f65073d2a5bb506ebb061a7f73162827c86144c61,M1_FULL_WICK_BREAKER_FVG_V1,NOT_APPLICABLE_RULE_BASED,ec44e1e84746183b6edf09ce0a2ad54f3503ca6049fe8ee31a02fbe3e8099526,2,NOT_APPLICABLE_NO_TRAINING,"{""parent_event_count"":330,""valid_candidate_count"":240,""proven_fill_count"":231,""2r"":{""wins"":67,""stop_or_adverse_first"":161,""timeouts"":3,""gross_expectancy_r"":-0.11414877019049723},""2_5r"":{""wins"":54,""stop_or_adverse_first"":172,""timeouts"":5,""gross_expectancy_r"":-0.14248512917201747}}",NORMALIZED_LOW_MEDIUM_HIGH_COST_ALL_NEGATIVE,NOT_APPLICABLE_NO_PROP_SIMULATION,TECHNICAL_EDGE_NOT_FOUND,BOTH_TARGET_VARIANTS_NEGATIVE_GROSS_AND_NORMALIZED_COST,"Two prospectively frozen target variants on the same 231 fills. Prior nine lower-timeframe trials preserved; no post-result tuning, macro gate, candidate, champion, paper, broker, or live execution.",COMPLETED,5d3ee12548f75dc2b5f4f30a5ba10f748d83ac8c0bf2574f37abf9d5783c4c58,ec44e1e84746183b6edf09ce0a2ad54f3503ca6049fe8ee31a02fbe3e8099526,COMPLETED,75b01fddcec5cfceb782211842cfa16e058ac31bdff66a5cc2a5a974b6e96504
MLR-M1-INTRABAR-H4-BREAKER-FVG-002,MLR-H4-IMMEDIATE-WICK-CONFIRMATION-001,d6c9f12726e068a5d66d9f4142d93751a84822f2,9ca414716a7c30b20006052af651d1f06f77ce23f62e7072feebd79896567f65,b8656babedba3e259d289bf8d80dd8726c0996066dc8ee1876c2acb14ff3409c,M1_INTRABAR_H4_BREAKER_FVG_V2,NOT_APPLICABLE_RULE_BASED,18f2710a412093f25a0ae5dcb5710d6d1459b14d91965bf684ab36dea2c5b39e,2,NOT_APPLICABLE_NO_TRAINING,"{""d1_activation_count"":1168,""nested_h4_activation_count"":658,""valid_candidate_count"":32,""proven_fill_count"":31,""timing_violation_count"":0,""2r"":{""wins"":11,""stops"":20,""timeouts"":0,""gross_expectancy_r"":0.06451612903225806,""medium_cost_expectancy_r"":-1.4353144296257356},""2_5r"":{""wins"":10,""stops"":20,""timeouts"":1,""gross_expectancy_r"":0.22407834101382487,""medium_cost_expectancy_r"":-1.2757522176441687}}",NORMALIZED_LOW_MEDIUM_HIGH_COST_ALL_NEGATIVE,NOT_APPLICABLE_NO_PROP_SIMULATION,TECHNICAL_EDGE_NOT_FOUND,BOTH_TARGET_VARIANTS_NEGATIVE_UNDER_ALL_NORMALIZED_COST_SCENARIOS,"Prospectively frozen intrabar timing correction: D1 and H4 activate at completed M1 closes; M1 search is bounded to the activating H4 interval. Prior 11 trials preserved; old close-confirmed projection archived as invalid for this strategy. No tuning, macro gate, candidate, champion, paper, broker, or live execution.",COMPLETED,8de7265565349216c2e2e2d5ee3840e6b0fec18684ce2044cd00b9d7105bf40a,18f2710a412093f25a0ae5dcb5710d6d1459b14d91965bf684ab36dea2c5b39e,COMPLETED,ddeed3e253d6533c8c1e285f3a8f353ee4e4dafb342b6e8793a62909803aa389
MLR-M1-H4-WINDOW-REVIEW-001,MLR-M1-INTRABAR-H4-BREAKER-FVG-002,d6c9f12726e068a5d66d9f4142d93751a84822f2,9ca414716a7c30b20006052af651d1f06f77ce23f62e7072feebd79896567f65,3efd17a54933401df642879b9db12779881d8439d0233b0edbf0f923a7856548,M1_H4_WINDOW_REVIEW_V1,NOT_APPLICABLE_DISPLAY,3654b47e1a9b715952747abaf2eb0e6df8fadb9e1f6262a8275168d5006c9b9e,0,NOT_APPLICABLE_NO_TRAINING,"{""parent_event_count"":658,""filled_event_count"":31,""formed_event_count"":32,""formed_not_filled_count"":1,""not_formed_count"":626,""m1_candle_count"":140356,""empty_window_count"":0}",NOT_APPLICABLE_DISPLAY_ONLY,NOT_APPLICABLE_NO_PROP_SIMULATION,PASS_DISPLAY_ONLY_WINDOW_REVIEW,NOT_APPLICABLE_NO_EDGE_CLAIM,"Chart-only M1 evidence bounded to each owning H4 interval. No detector rerun, setup inference, entry, stop, target, fill, outcome, execution, or new strategy trial.",COMPLETED,NOT_APPLICABLE_PRESENTATION_ONLY,3654b47e1a9b715952747abaf2eb0e6df8fadb9e1f6262a8275168d5006c9b9e,COMPLETED,0534e00852de0324c9d922678feb2f23540593f057569ee9ae288a23bee3153a
MLR-MTF-CHART-CONTEXT-001,MLR-M1-H4-WINDOW-REVIEW-001,d6c9f12726e068a5d66d9f4142d93751a84822f2,2de323fa640b3afef2f32c4aad69309e6583848ab938e3920619bd1242510a75,af4fcda15354e0449b67e64b8002bad7d91e64d4bb780c29e2c5ba650dc3b0e7,MTF_CHART_CONTEXT_V1,NOT_APPLICABLE_DISPLAY,14f2f4062d36735d72425ae0374d703d67564bcd931390df838b69c800db71c3,0,NOT_APPLICABLE_NO_TRAINING,"{""parent_event_count"":658,""m1_candle_count"":140356,""empty_h4_window_count"":0,""insufficient_d1_context_count"":0,""d1_candles_per_event"":5}",DETERMINISTIC_BYTE_IDENTICAL_REGENERATION,NOT_APPLICABLE_NO_PROP_SIMULATION,PASS_DISPLAY_ONLY_HIERARCHY_CONTEXT,NOT_APPLICABLE_NO_EDGE_CLAIM,"Complete owning-H4 labels on M1 setup charts; active D1 label on H4; three prior Daily bars plus frozen C1/C2 on D1. No detector, setup, entry, stop, target, fill, outcome, execution, candidate, champion, or trial change.",COMPLETED,NOT_APPLICABLE_PRESENTATION_ONLY,14f2f4062d36735d72425ae0374d703d67564bcd931390df838b69c800db71c3,COMPLETED,505265126cd8804c49b9211361409f00f0ccfd541e218f2defeffec5cbfbf340
