record_id,cycle,record_type,allocation,novelty_class,strategy_family,label_formulation,model_role,simple_baseline,status,selected,prior_overlap,data_suitability,final_holdout_access,notes
QRP-C1-BL001,1,COMPLETED,CONTROL,PARAMETER_VARIATION,MARKET_EXPOSURE,TERMINAL_BUY_HOLD_PNL,NONE,BUY_AND_HOLD,REFERENCE_ONLY,false,NONE,NORMALIZED_CFD_RESEARCH,0,Not promotable
QRP-C1-BL002,1,COMPLETED,EXPLOIT,PARAMETER_VARIATION,DAILY_MOMENTUM,FIVE_BAR_NET_RETURN,NONE,FIXED_20D_5H,SURVIVES_PHASE_G,false,NONE,NORMALIZED_CFD_RESEARCH,0,Reference for Phase J
QRP-C1-BL003,1,COMPLETED,EXPLOIT,PARAMETER_VARIATION,DAILY_MEAN_REVERSION,THREE_BAR_NET_RETURN,NONE,FIXED_Z20,REJECTED,false,NONE,NORMALIZED_CFD_RESEARCH,0,Medium-cost net nonpositive
QRP-C1-ML001,1,COMPLETED,EXPLORE,MODEL_VARIATION,H1_DIRECTION,FORWARD_DIRECTION_12,PRICE_DIRECTION_LOGISTIC,BASE_RATE,REJECTED,false,H1_DIRECTION,NORMALIZED_CFD_RESEARCH,0,Brier no-skill gate
QRP-C1-ML002,1,COMPLETED,EXPLORE,MODEL_VARIATION,H1_DIRECTION,FORWARD_DIRECTION_12,PRICE_DIRECTION_TREE,BASE_RATE,REJECTED,false,H1_DIRECTION,NORMALIZED_CFD_RESEARCH,0,Brier no-skill gate
QRP-C1-ML003,1,COMPLETED,EXPLORE,MODEL_VARIATION,H1_DIRECTION,FORWARD_DIRECTION_12,PRICE_DIRECTION_XGBOOST,BASE_RATE,REJECTED,false,H1_DIRECTION,NORMALIZED_CFD_RESEARCH,0,Brier no-skill gate
H001,1,PROPOSAL,EXPLOIT,PARAMETER_VARIATION,DAILY_MOMENTUM,FIVE_BAR_NET_RETURN,NONE,FIXED_20D_5H,SELECTED,true,QRP-C1-BL002,NORMALIZED_CFD_RESEARCH,0,Nested fixed control QRP-C1-J001
H002,1,PROPOSAL,EXPLOIT,PARAMETER_VARIATION,DAILY_MOMENTUM,FIVE_BAR_NET_RETURN,NONE,FIXED_20D_5H,SELECTED,true,QRP-C1-BL002,NORMALIZED_CFD_RESEARCH,0,Lookback 15 20 25 QRP-C1-J002
H003,1,PROPOSAL,EXPLOIT,PARAMETER_VARIATION,DAILY_MOMENTUM,THREE_FIVE_SEVEN_BAR_NET_RETURN,NONE,FIXED_20D_5H,SELECTED,true,QRP-C1-BL002,NORMALIZED_CFD_RESEARCH,0,Hold 3 5 7 QRP-C1-J003
H004,1,PROPOSAL,EXPLOIT,FEATURE_VARIATION,VOL_NORMALIZED_MOMENTUM,FIVE_BAR_NET_RETURN,NONE,ZERO_DEADBAND,SELECTED,true,QRP-C1-BL002,NORMALIZED_CFD_RESEARCH,0,Deadband QRP-C1-J004
H005,1,PROPOSAL,EXPLOIT,FEATURE_VARIATION,EFFICIENCY_GATED_MOMENTUM,FIVE_BAR_NET_RETURN,NONE,NO_GATE,SELECTED,true,QRP-C1-BL002,NORMALIZED_CFD_RESEARCH,0,Backward as-of H1 gate QRP-C1-J005
H006,1,PROPOSAL,EXPLOIT,FEATURE_VARIATION,COST_HURDLE_MOMENTUM,FIVE_BAR_NET_RETURN,NONE,NO_HURDLE,DEFERRED,false,QRP-C1-BL002,LIMITED_HYPOTHETICAL_COSTS,0,H004 is cleaner mechanism
H007,1,PROPOSAL,EXPLOIT,FEATURE_VARIATION,VOL_STATE_MOMENTUM,FIVE_BAR_NET_RETURN,NONE,UNCONDITIONAL,DEFERRED,false,QRP-C1-BL002,NORMALIZED_CFD_RESEARCH,0,Overlaps H004 H005
H008,1,PROPOSAL,EXPLORE,STRATEGY_ARCHITECTURE_VARIATION,MOMENTUM_TRADE_FILTER,POSITIVE_MEDIUM_COST_TRADE_PNL,TRADE_ACCEPTANCE_LOGISTIC,ACCEPT_ALL,SELECTED,true,QRP-C1-BL002,NORMALIZED_CFD_RESEARCH,0,Non-directional ML QRP-C1-J006
H009,1,PROPOSAL,EXPLORE,NEW_MARKET_HYPOTHESIS,H1_COMPRESSION_BREAKOUT,ONE_ATR_BARRIER_FIRST,SIMPLE_THRESHOLD_RULE,UNCONDITIONAL_BARRIER_RATE,SELECTED,true,NONE,NORMALIZED_CFD_RESEARCH,0,New family QRP-C1-J007
H010,1,PROPOSAL,EXPLORE,LABEL_VARIATION,H1_BARRIER_ASYMMETRY,ONE_ATR_BARRIER_CLASS,SHALLOW_TREE,UNCONDITIONAL_CLASS_RATE,DEFERRED,false,QRP-C1-ML002,NORMALIZED_CFD_RESEARCH,0,Defer duplicate barrier and model family
QRP-C1-J001,1,COMPLETED,EXPLOIT,PARAMETER_VARIATION,DAILY_MOMENTUM,FIVE_BAR_NET_RETURN,NONE,FIXED_20D_5H,REJECTED,false,QRP-C1-BL002,NORMALIZED_CFD_RESEARCH,0,Broad economics and decay gates failed
QRP-C1-J002,1,COMPLETED,EXPLOIT,PARAMETER_VARIATION,DAILY_MOMENTUM,FIVE_BAR_NET_RETURN,NONE,FIXED_20D_5H,REJECTED,false,QRP-C1-BL002,NORMALIZED_CFD_RESEARCH,0,Broad economics and decay gates failed
QRP-C1-J003,1,COMPLETED,EXPLOIT,PARAMETER_VARIATION,DAILY_MOMENTUM,THREE_FIVE_SEVEN_BAR_NET_RETURN,NONE,FIXED_20D_5H,REJECTED,false,QRP-C1-BL002,NORMALIZED_CFD_RESEARCH,0,Fold lower tail and decay failed
QRP-C1-J004,1,COMPLETED,EXPLOIT,FEATURE_VARIATION,VOL_NORMALIZED_MOMENTUM,FIVE_BAR_NET_RETURN,NONE,ZERO_DEADBAND,REJECTED,false,QRP-C1-BL002,NORMALIZED_CFD_RESEARCH,0,Fold lower tail and decay failed
QRP-C1-J005,1,COMPLETED,EXPLOIT,FEATURE_VARIATION,EFFICIENCY_GATED_MOMENTUM,FIVE_BAR_NET_RETURN,NONE,NO_GATE,REJECTED,false,QRP-C1-BL002,NORMALIZED_CFD_RESEARCH,0,Train to test decay failed
QRP-C1-J006,1,COMPLETED,EXPLORE,STRATEGY_ARCHITECTURE_VARIATION,MOMENTUM_TRADE_FILTER,POSITIVE_MEDIUM_COST_TRADE_PNL,TRADE_ACCEPTANCE_LOGISTIC,ACCEPT_ALL,REJECTED,false,QRP-C1-BL002,NORMALIZED_CFD_RESEARCH,0,Calibration controls lower tail and decay failed
QRP-C1-J007,1,COMPLETED,EXPLORE,NEW_MARKET_HYPOTHESIS,H1_COMPRESSION_BREAKOUT,ONE_ATR_BARRIER_FIRST,SIMPLE_THRESHOLD_RULE,UNCONDITIONAL_BARRIER_RATE,REJECTED,false,NONE,NORMALIZED_CFD_RESEARCH,0,No inner eligible candidate
H011,2,PROPOSAL,EXPLOIT,FEATURE_VARIATION,VOL_STATE_DAILY_MOMENTUM,FIVE_BAR_NET_RETURN,NONE,UNCONDITIONAL_MOMENTUM,SELECTED,true,QRP-C1-J004,NORMALIZED_CFD_RESEARCH,0,Daily realized volatility state QRP-C2-J001
H012,2,PROPOSAL,EXPLOIT,FEATURE_VARIATION,MULTI_HORIZON_CONSENSUS_MOMENTUM,FIVE_BAR_NET_RETURN,NONE,FIXED_20D_5H,SELECTED,true,QRP-C1-J002,NORMALIZED_CFD_RESEARCH,0,Formation sign consensus QRP-C2-J002
H013,2,PROPOSAL,EXPLOIT,FEATURE_VARIATION,H1_ALIGNED_DAILY_MOMENTUM,FIVE_BAR_NET_RETURN,NONE,NO_ALIGNMENT,SELECTED,true,QRP-C1-J005,NORMALIZED_CFD_RESEARCH,0,Signed backward asof H1 alignment QRP-C2-J003
H014,2,PROPOSAL,EXPLOIT,FEATURE_VARIATION,RANGE_EDGE_DAILY_MOMENTUM,FIVE_BAR_NET_RETURN,NONE,NO_RANGE_GATE,SELECTED,true,QRP-C1-J005,NORMALIZED_CFD_RESEARCH,0,Side adjusted H1 range position QRP-C2-J004
H015,2,PROPOSAL,EXPLORE,LABEL_VARIATION,MOMENTUM_ADVERSE_RISK_VETO,ADVERSE_EXCURSION_ATR_EVENT,RISK_VETO_LOGISTIC,ACCEPT_ALL,SELECTED,true,QRP-C1-J006,NORMALIZED_CFD_RESEARCH,0,Non directional path risk QRP-C2-J005
H016,2,PROPOSAL,EXPLORE,NEW_MARKET_HYPOTHESIS,H1_BARRIER_ASYMMETRY,ONE_ATR_BARRIER_CLASS_THREE_WAY,SHALLOW_TREE,TRAINING_MAJORITY_CLASS,SELECTED,true,QRP-C1-J007,NORMALIZED_CFD_RESEARCH,0,Learned upper lower timeout asymmetry QRP-C2-J006
H017,2,PROPOSAL,EXPLORE,LABEL_VARIATION,BARRIER_HOLDING_TIME,BARRIER_TIME_CLASS,HOLDING_TIME_MODEL,TRAINING_MEDIAN_DURATION,DEFERRED,false,QRP-C1-J007,NORMALIZED_CFD_RESEARCH,0,Avoid third ML role in bounded cycle
H018,2,PROPOSAL,EXPLORE,NEW_MARKET_HYPOTHESIS,H1_VOL_EXPANSION_REVERSAL,ONE_ATR_BARRIER_FIRST,SIMPLE_THRESHOLD_RULE,UNCONDITIONAL_FADE,DEFERRED,false,QRP-C1-J007,NORMALIZED_CFD_RESEARCH,0,Avoid second side rule on same labels
H019,2,PROPOSAL,EXPLOIT,FEATURE_VARIATION,COST_HURDLE_MOMENTUM,FIVE_BAR_NET_RETURN,NONE,NO_HURDLE,DEFERRED,false,H006,LIMITED_HYPOTHETICAL_COSTS,0,No new broker realistic cost evidence
QRP-C2-J001,2,COMPLETED,EXPLOIT,FEATURE_VARIATION,VOL_STATE_DAILY_MOMENTUM,FIVE_BAR_NET_RETURN,NONE,UNCONDITIONAL_MOMENTUM,REJECTED,false,QRP-C1-J004,NORMALIZED_CFD_RESEARCH,0,Lower tail and decay failed
QRP-C2-J002,2,COMPLETED,EXPLOIT,FEATURE_VARIATION,MULTI_HORIZON_CONSENSUS_MOMENTUM,FIVE_BAR_NET_RETURN,NONE,FIXED_20D_5H,REJECTED,false,QRP-C1-J002,NORMALIZED_CFD_RESEARCH,0,Lower tail and decay failed
QRP-C2-J003,2,COMPLETED,EXPLOIT,FEATURE_VARIATION,H1_ALIGNED_DAILY_MOMENTUM,FIVE_BAR_NET_RETURN,NONE,NO_ALIGNMENT,REJECTED,false,QRP-C1-J005,NORMALIZED_CFD_RESEARCH,0,Lower tail and decay failed
QRP-C2-J004,2,COMPLETED,EXPLOIT,FEATURE_VARIATION,RANGE_EDGE_DAILY_MOMENTUM,FIVE_BAR_NET_RETURN,NONE,NO_RANGE_GATE,REJECTED,false,QRP-C1-J005,NORMALIZED_CFD_RESEARCH,0,Lower tail fold fraction and decay failed
QRP-C2-J005,2,COMPLETED,EXPLORE,LABEL_VARIATION,MOMENTUM_ADVERSE_RISK_VETO,ADVERSE_EXCURSION_ATR_EVENT,RISK_VETO_LOGISTIC,ACCEPT_ALL,REJECTED,false,QRP-C1-J006,NORMALIZED_CFD_RESEARCH,0,No inner eligible candidate
QRP-C2-J006,2,COMPLETED,EXPLORE,NEW_MARKET_HYPOTHESIS,H1_BARRIER_ASYMMETRY,ONE_ATR_BARRIER_CLASS_THREE_WAY,SHALLOW_TREE,TRAINING_MAJORITY_CLASS,REJECTED,false,QRP-C1-J007,NORMALIZED_CFD_RESEARCH,0,No inner eligible candidate
H020,3,PROPOSAL_BLOCKED,UNALLOCATED,NEW_INFORMATION_SOURCE,INTRADAY_MACRO_SENTIMENT_VETO,FIVE_BAR_OR_BARRIER_OUTCOME,NONE,UNCHANGED_H1_EVENT_WITHOUT_VETO,BLOCKED_SOURCE_NOT_CERTIFIED,false,QRP-C1-J007,NO_CERTIFIED_NONPRICE_ROWS,0,Every historical metric requires PREVIOUSLY_EXPOSED_WINDOW and cannot promote
H021,3,PROPOSAL_BLOCKED,UNALLOCATED,NEW_STRATEGY_FAMILY,DAILY_FUNDAMENTAL_SENTIMENT_PRIMARY,MULTI_DAY_NET_RETURN,NONE,NO_TRADE_AND_FIXED_DAILY_MOMENTUM,BLOCKED_SOURCE_NOT_CERTIFIED,false,QRP-C1-BL002,NO_CERTIFIED_NONPRICE_ROWS,0,Protected forward window is primary promotion gate and remains unopened
MLR-TECH-001,MLR1,COMPLETED_TECHNICAL_ONLY,CONTROL,PARAMETER_VARIATION,MACRO_LIQUIDITY_REVERSAL_DETECTOR,EVENT_FREQUENCY,NONE,PRIMARY_RATIO_0_50,DESCRIPTIVE_ONLY,false,NONE,NAS100_PROBABLE_CFD_SOURCE_CLOCK_UNKNOWN,0,Three preregistered body-ratio frequency variants; no economic outcome
MLR-TECH-002,MLR1,COMPLETED_TECHNICAL_ONLY,CONTROL,PARAMETER_VARIATION,MACRO_LIQUIDITY_REVERSAL_DETECTOR,EVENT_FREQUENCY,NONE,CLOSE_ONLY_PRIMARY,DESCRIPTIVE_ONLY,false,NONE,NAS100_PROBABLE_CFD_SOURCE_CLOCK_UNKNOWN,0,Close-only versus full-body frequency only; primary unchanged
MLR-TECH-003,MLR1,COMPLETED_TECHNICAL_ONLY,CONTROL,PARAMETER_VARIATION,MACRO_LIQUIDITY_REVERSAL_DETECTOR,EVENT_FREQUENCY,NONE,EMA20_EMA50_PRIMARY,DESCRIPTIVE_ONLY,false,NONE,NAS100_PROBABLE_CFD_SOURCE_CLOCK_UNKNOWN,0,EMA trend versus no-trend technical frequency only
MLR-TECH-004,MLR1,COMPLETED_TECHNICAL_ONLY,CONTROL,PARAMETER_VARIATION,MACRO_LIQUIDITY_REVERSAL_DETECTOR,EVENT_FREQUENCY,NONE,THREE_POST_CLOSE_H4_PRIMARY,DESCRIPTIVE_ONLY,false,NONE,NAS100_PROBABLE_CFD_SOURCE_CLOCK_UNKNOWN,0,Four H4-window frequency variants; no selection or economics
MLR-TECH-005,MLR1,COMPLETED_TECHNICAL_ONLY,CONTROL,PARAMETER_VARIATION,MACRO_LIQUIDITY_REVERSAL_OB,ZONE_FREQUENCY,NONE,OB_LOOKBACK_10_PRIMARY,DESCRIPTIVE_ONLY,false,NONE,NAS100_PROBABLE_CFD_SOURCE_CLOCK_UNKNOWN,0,Three preregistered OB lookback variants; no selection or economics
MLR-TECH-006,MLR1,COMPLETED_TECHNICAL_ONLY,CONTROL,PARAMETER_VARIATION,MACRO_LIQUIDITY_REVERSAL_OB,ZONE_FREQUENCY,NONE,OB_DISPLACEMENT_1_ATR_PRIMARY,DESCRIPTIVE_ONLY,false,NONE,NAS100_PROBABLE_CFD_SOURCE_CLOCK_UNKNOWN,0,Three preregistered OB displacement variants; no selection or economics
MLR-TECH-ECO-001,MLR1,COMPLETED_TECHNICAL_ONLY,EXPLOIT,ECONOMIC_EVALUATION,MACRO_LIQUIDITY_REVERSAL_TECHNICAL,STOP_BEFORE_2R_TARGET,NONE,D1_AND_D1_H4_GENERIC_CONTROLS,TECHNICAL_EDGE_NOT_FOUND,false,MLR-TECH-001_TO_006,NAS100_PROBABLE_CFD_SOURCE_CLOCK_UNKNOWN,0,454 eligible setups; 306 medium-cost fills; all seven strategies negative; full macro strategy remains blocked
MLR-TECH-ABL-001,MLR1,COMPLETED_TECHNICAL_ONLY,EXPLORE,PARAMETER_VARIATION,MACRO_LIQUIDITY_REVERSAL_TECHNICAL,STOP_BEFORE_1_5R_DIAGNOSTIC,NONE,INTENDED_2R_PRIMARY,REJECTED,false,MLR-TECH-ECO-001,NAS100_PROBABLE_CFD_SOURCE_CLOCK_UNKNOWN,0,One authorized target diagnostic; all strategies and all permitted CPCV splits remain negative
