route_id,source_run_id,raw_artifact_id,source_series_id,internal_indicator_id,category,release_bundle,reference_date,vintage_date,raw_value,normalized_numeric_value,unit,frequency,seasonal_adjustment,raw_label,availability_date,effective_at_utc,effective_at_asia_kuala_lumpur,availability_rule,parser_format,point_in_time_classification,protocol_eligibility,historical_reconstruction,raw_artifact_sha256,pilot_version_number,supersedes_pilot_observation_id,pilot_observation_id,version_kind,observation_payload_sha256
FED_H6_ARCHIVE_M2,role5-pilot-20001228,role5-pilot-20001228-body,H6/M2SL,US_M2_MONEY_STOCK_SA,LIQUIDITY,MONEY_SUPPLY_BUNDLE,2000-01-01,2000-12-28,4668.8,4668.8,BILLIONS_OF_DOLLARS,MONTHLY_REFERENCE_VALUES_FROM_WEEKLY_OR_MONTHLY_RELEASE_SNAPSHOT,SEASONALLY_ADJUSTED,2000-Jan.,2000-12-28,2000-12-29T17:00:00Z,2000-12-30T01:00:00+08:00,J0_CONSERVATIVE_36H_FROM_DATED_RELEASE_DATE_START_AMERICA_NEW_YORK,LEGACY_PRE,SOURCE_VERSION_UNRESOLVED,INELIGIBLE_PILOT_SPARSE_REVISION_CHAIN,True,4a849b696b139e79242f1a7a7344f6988245fe70dc1c9af70b42ab00ee6f7721,0,,H6-M2-2000-01-01-2000-12-28-0,FIRST_SEEN_IN_SPARSE_PILOT,c3b305f2d9e79d63729713a2aa4fc4b7a643361d23d2b1ab8110d2860ffb642f
FED_H6_ARCHIVE_M2,role5-pilot-20001228,role5-pilot-20001228-body,H6/M2SL,US_M2_MONEY_STOCK_SA,LIQUIDITY,MONEY_SUPPLY_BUNDLE,2000-02-01,2000-12-28,4682.0,4682.0,BILLIONS_OF_DOLLARS,MONTHLY_REFERENCE_VALUES_FROM_WEEKLY_OR_MONTHLY_RELEASE_SNAPSHOT,SEASONALLY_ADJUSTED,2000-Feb.,2000-12-28,2000-12-29T17:00:00Z,2000-12-30T01:00:00+08:00,J0_CONSERVATIVE_36H_FROM_DATED_RELEASE_DATE_START_AMERICA_NEW_YORK,LEGACY_PRE,SOURCE_VERSION_UNRESOLVED,INELIGIBLE_PILOT_SPARSE_REVISION_CHAIN,True,4a849b696b139e79242f1a7a7344f6988245fe70dc1c9af70b42ab00ee6f7721,0,,H6-M2-2000-02-01-2000-12-28-0,FIRST_SEEN_IN_SPARSE_PILOT,fa942d5f000160ce05d7bbd977e1ef77f450eee73235f23b9182269d3ad713ad
FED_H6_ARCHIVE_M2,role5-pilot-20001228,role5-pilot-20001228-body,H6/M2SL,US_M2_MONEY_STOCK_SA,LIQUIDITY,MONEY_SUPPLY_BUNDLE,2000-03-01,2000-12-28,4720.1,4720.1,BILLIONS_OF_DOLLARS,MONTHLY_REFERENCE_VALUES_FROM_WEEKLY_OR_MONTHLY_RELEASE_SNAPSHOT,SEASONALLY_ADJUSTED,2000-Mar.,2000-12-28,2000-12-29T17:00:00Z,2000-12-30T01:00:00+08:00,J0_CONSERVATIVE_36H_FROM_DATED_RELEASE_DATE_START_AMERICA_NEW_YORK,LEGACY_PRE,SOURCE_VERSION_UNRESOLVED,INELIGIBLE_PILOT_SPARSE_REVISION_CHAIN,True,4a849b696b139e79242f1a7a7344f6988245fe70dc1c9af70b42ab00ee6f7721,0,,H6-M2-2000-03-01-2000-12-28-0,FIRST_SEEN_IN_SPARSE_PILOT,c9a19b06a3f2a5a375b77284e2c59f5a1fad7f4bcc0e4aa08d0b9c42a2f73b12
FED_H6_ARCHIVE_M2,role5-pilot-20001228,role5-pilot-20001228-body,H6/M2SL,US_M2_MONEY_STOCK_SA,LIQUIDITY,MONEY_SUPPLY_BUNDLE,2000-04-01,2000-12-28,4762.3,4762.3,BILLIONS_OF_DOLLARS,MONTHLY_REFERENCE_VALUES_FROM_WEEKLY_OR_MONTHLY_RELEASE_SNAPSHOT,SEASONALLY_ADJUSTED,2000-Apr.,2000-12-28,2000-12-29T17:00:00Z,2000-12-30T01:00:00+08:00,J0_CONSERVATIVE_36H_FROM_DATED_RELEASE_DATE_START_AMERICA_NEW_YORK,LEGACY_PRE,SOURCE_VERSION_UNRESOLVED,INELIGIBLE_PILOT_SPARSE_REVISION_CHAIN,True,4a849b696b139e79242f1a7a7344f6988245fe70dc1c9af70b42ab00ee6f7721,0,,H6-M2-2000-04-01-2000-12-28-0,FIRST_SEEN_IN_SPARSE_PILOT,1cc0f0a69908b8b34f261db46c7cb5608943c0a276002f8d92834e46d681f5d2
FED_H6_ARCHIVE_M2,role5-pilot-20001228,role5-pilot-20001228-body,H6/M2SL,US_M2_MONEY_STOCK_SA,LIQUIDITY,MONEY_SUPPLY_BUNDLE,2000-05-01,2000-12-28,4761.0,4761.0,BILLIONS_OF_DOLLARS,MONTHLY_REFERENCE_VALUES_FROM_WEEKLY_OR_MONTHLY_RELEASE_SNAPSHOT,SEASONALLY_ADJUSTED,2000-May,2000-12-28,2000-12-29T17:00:00Z,2000-12-30T01:00:00+08:00,J0_CONSERVATIVE_36H_FROM_DATED_RELEASE_DATE_START_AMERICA_NEW_YORK,LEGACY_PRE,SOURCE_VERSION_UNRESOLVED,INELIGIBLE_PILOT_SPARSE_REVISION_CHAIN,True,4a849b696b139e79242f1a7a7344f6988245fe70dc1c9af70b42ab00ee6f7721,0,,H6-M2-2000-05-01-2000-12-28-0,FIRST_SEEN_IN_SPARSE_PILOT,ac5d8c0325d79c3f66f0300d9088aa2bab592a107f3a2f1d66272a650c0499e5
FED_H6_ARCHIVE_M2,role5-pilot-20001228,role5-pilot-20001228-body,H6/M2SL,US_M2_MONEY_STOCK_SA,LIQUIDITY,MONEY_SUPPLY_BUNDLE,2000-06-01,2000-12-28,4776.5,4776.5,BILLIONS_OF_DOLLARS,MONTHLY_REFERENCE_VALUES_FROM_WEEKLY_OR_MONTHLY_RELEASE_SNAPSHOT,SEASONALLY_ADJUSTED,2000-June,2000-12-28,2000-12-29T17:00:00Z,2000-12-30T01:00:00+08:00,J0_CONSERVATIVE_36H_FROM_DATED_RELEASE_DATE_START_AMERICA_NEW_YORK,LEGACY_PRE,SOURCE_VERSION_UNRESOLVED,INELIGIBLE_PILOT_SPARSE_REVISION_CHAIN,True,4a849b696b139e79242f1a7a7344f6988245fe70dc1c9af70b42ab00ee6f7721,0,,H6-M2-2000-06-01-2000-12-28-0,FIRST_SEEN_IN_SPARSE_PILOT,fb8af9d9251a96cb152f13390d32a06b4d3375edc76b8cf24b5b133858d009b6
FED_H6_ARCHIVE_M2,role5-pilot-20001228,role5-pilot-20001228-body,H6/M2SL,US_M2_MONEY_STOCK_SA,LIQUIDITY,MONEY_SUPPLY_BUNDLE,2000-07-01,2000-12-28,4790.9,4790.9,BILLIONS_OF_DOLLARS,MONTHLY_REFERENCE_VALUES_FROM_WEEKLY_OR_MONTHLY_RELEASE_SNAPSHOT,SEASONALLY_ADJUSTED,2000-July,2000-12-28,2000-12-29T17:00:00Z,2000-12-30T01:00:00+08:00,J0_CONSERVATIVE_36H_FROM_DATED_RELEASE_DATE_START_AMERICA_NEW_YORK,LEGACY_PRE,SOURCE_VERSION_UNRESOLVED,INELIGIBLE_PILOT_SPARSE_REVISION_CHAIN,True,4a849b696b139e79242f1a7a7344f6988245fe70dc1c9af70b42ab00ee6f7721,0,,H6-M2-2000-07-01-2000-12-28-0,FIRST_SEEN_IN_SPARSE_PILOT,4cfd05969a61c4ee1810c7552cea7efa5165444b4df9eab5584317ff714bbe9b
FED_H6_ARCHIVE_M2,role5-pilot-20001228,role5-pilot-20001228-body,H6/M2SL,US_M2_MONEY_STOCK_SA,LIQUIDITY,MONEY_SUPPLY_BUNDLE,2000-08-01,2000-12-28,4821.3,4821.3,BILLIONS_OF_DOLLARS,MONTHLY_REFERENCE_VALUES_FROM_WEEKLY_OR_MONTHLY_RELEASE_SNAPSHOT,SEASONALLY_ADJUSTED,2000-Aug.,2000-12-28,2000-12-29T17:00:00Z,2000-12-30T01:00:00+08:00,J0_CONSERVATIVE_36H_FROM_DATED_RELEASE_DATE_START_AMERICA_NEW_YORK,LEGACY_PRE,SOURCE_VERSION_UNRESOLVED,INELIGIBLE_PILOT_SPARSE_REVISION_CHAIN,True,4a849b696b139e79242f1a7a7344f6988245fe70dc1c9af70b42ab00ee6f7721,0,,H6-M2-2000-08-01-2000-12-28-0,FIRST_SEEN_IN_SPARSE_PILOT,1f26e094b2534ddbe28ea91a1338dae847214d41959eaf8fe6cfd7738dbf5d63
FED_H6_ARCHIVE_M2,role5-pilot-20001228,role5-pilot-20001228-body,H6/M2SL,US_M2_MONEY_STOCK_SA,LIQUIDITY,MONEY_SUPPLY_BUNDLE,2000-09-01,2000-12-28,4857.5,4857.5,BILLIONS_OF_DOLLARS,MONTHLY_REFERENCE_VALUES_FROM_WEEKLY_OR_MONTHLY_RELEASE_SNAPSHOT,SEASONALLY_ADJUSTED,2000-Sep.,2000-12-28,2000-12-29T17:00:00Z,2000-12-30T01:00:00+08:00,J0_CONSERVATIVE_36H_FROM_DATED_RELEASE_DATE_START_AMERICA_NEW_YORK,LEGACY_PRE,SOURCE_VERSION_UNRESOLVED,INELIGIBLE_PILOT_SPARSE_REVISION_CHAIN,True,4a849b696b139e79242f1a7a7344f6988245fe70dc1c9af70b42ab00ee6f7721,0,,H6-M2-2000-09-01-2000-12-28-0,FIRST_SEEN_IN_SPARSE_PILOT,c01a1cb950b0015c0a85157b536ab9ef8065f644f4500831f4c27207551f125f
FED_H6_ARCHIVE_M2,role5-pilot-20001228,role5-pilot-20001228-body,H6/M2SL,US_M2_MONEY_STOCK_SA,LIQUIDITY,MONEY_SUPPLY_BUNDLE,2000-10-01,2000-12-28,4876.0,4876.0,BILLIONS_OF_DOLLARS,MONTHLY_REFERENCE_VALUES_FROM_WEEKLY_OR_MONTHLY_RELEASE_SNAPSHOT,SEASONALLY_ADJUSTED,2000-Oct.,2000-12-28,2000-12-29T17:00:00Z,2000-12-30T01:00:00+08:00,J0_CONSERVATIVE_36H_FROM_DATED_RELEASE_DATE_START_AMERICA_NEW_YORK,LEGACY_PRE,SOURCE_VERSION_UNRESOLVED,INELIGIBLE_PILOT_SPARSE_REVISION_CHAIN,True,4a849b696b139e79242f1a7a7344f6988245fe70dc1c9af70b42ab00ee6f7721,0,,H6-M2-2000-10-01-2000-12-28-0,FIRST_SEEN_IN_SPARSE_PILOT,9c60b4f8ec4d6938fa1f4799b94a770928a769ca009cdc69275e748985c020ef
FED_H6_ARCHIVE_M2,role5-pilot-20001228,role5-pilot-20001228-body,H6/M2SL,US_M2_MONEY_STOCK_SA,LIQUIDITY,MONEY_SUPPLY_BUNDLE,2000-11-01,2000-12-28,4886.9,4886.9,BILLIONS_OF_DOLLARS,MONTHLY_REFERENCE_VALUES_FROM_WEEKLY_OR_MONTHLY_RELEASE_SNAPSHOT,SEASONALLY_ADJUSTED,2000-Nov.,2000-12-28,2000-12-29T17:00:00Z,2000-12-30T01:00:00+08:00,J0_CONSERVATIVE_36H_FROM_DATED_RELEASE_DATE_START_AMERICA_NEW_YORK,LEGACY_PRE,SOURCE_VERSION_UNRESOLVED,INELIGIBLE_PILOT_SPARSE_REVISION_CHAIN,True,4a849b696b139e79242f1a7a7344f6988245fe70dc1c9af70b42ab00ee6f7721,0,,H6-M2-2000-11-01-2000-12-28-0,FIRST_SEEN_IN_SPARSE_PILOT,862f7fbc5a349ea399803176b9748c3785ad624f54345ba73cb3891891cb0a9c
FED_H6_ARCHIVE_M2,role5-pilot-20120426,role5-pilot-20120426-body,H6/M2SL,US_M2_MONEY_STOCK_SA,LIQUIDITY,MONEY_SUPPLY_BUNDLE,2010-04-01,2012-04-26,8514.2,8514.2,BILLIONS_OF_DOLLARS,MONTHLY_REFERENCE_VALUES_FROM_WEEKLY_OR_MONTHLY_RELEASE_SNAPSHOT,SEASONALLY_ADJUSTED,2010-Apr.,2012-04-26,2012-04-27T16:00:00Z,2012-04-28T00:00:00+08:00,J0_CONSERVATIVE_36H_FROM_DATED_RELEASE_DATE_START_AMERICA_NEW_YORK,LEGACY_PRE,SOURCE_VERSION_UNRESOLVED,INELIGIBLE_PILOT_SPARSE_REVISION_CHAIN,True,0dd8cb435daaaac1e39f03f1845a61c4f2676793f1bb97553218de1a0c6951c5,0,,H6-M2-2010-04-01-2012-04-26-0,FIRST_SEEN_IN_SPARSE_PILOT,77e0620a59e09bd5d2298c0b5f20c305fbd3af2b3ec7e175f041e69998f62b98
FED_H6_ARCHIVE_M2,role5-pilot-20120426,role5-pilot-20120426-body,H6/M2SL,US_M2_MONEY_STOCK_SA,LIQUIDITY,MONEY_SUPPLY_BUNDLE,2010-05-01,2012-04-26,8562.2,8562.2,BILLIONS_OF_DOLLARS,MONTHLY_REFERENCE_VALUES_FROM_WEEKLY_OR_MONTHLY_RELEASE_SNAPSHOT,SEASONALLY_ADJUSTED,2010-May,2012-04-26,2012-04-27T16:00:00Z,2012-04-28T00:00:00+08:00,J0_CONSERVATIVE_36H_FROM_DATED_RELEASE_DATE_START_AMERICA_NEW_YORK,LEGACY_PRE,SOURCE_VERSION_UNRESOLVED,INELIGIBLE_PILOT_SPARSE_REVISION_CHAIN,True,0dd8cb435daaaac1e39f03f1845a61c4f2676793f1bb97553218de1a0c6951c5,0,,H6-M2-2010-05-01-2012-04-26-0,FIRST_SEEN_IN_SPARSE_PILOT,2ed90ffaa5b2a091cd5c8e56dd7ea8512152600508b8d69923f7fd52cd83a92f
FED_H6_ARCHIVE_M2,role5-pilot-20120426,role5-pilot-20120426-body,H6/M2SL,US_M2_MONEY_STOCK_SA,LIQUIDITY,MONEY_SUPPLY_BUNDLE,2010-06-01,2012-04-26,8582.9,8582.9,BILLIONS_OF_DOLLARS,MONTHLY_REFERENCE_VALUES_FROM_WEEKLY_OR_MONTHLY_RELEASE_SNAPSHOT,SEASONALLY_ADJUSTED,2010-June,2012-04-26,2012-04-27T16:00:00Z,2012-04-28T00:00:00+08:00,J0_CONSERVATIVE_36H_FROM_DATED_RELEASE_DATE_START_AMERICA_NEW_YORK,LEGACY_PRE,SOURCE_VERSION_UNRESOLVED,INELIGIBLE_PILOT_SPARSE_REVISION_CHAIN,True,0dd8cb435daaaac1e39f03f1845a61c4f2676793f1bb97553218de1a0c6951c5,0,,H6-M2-2010-06-01-2012-04-26-0,FIRST_SEEN_IN_SPARSE_PILOT,9f1f9dbf4ef539d6002beb051b6d1ff6a15f3adccb25f228c7b87bb48e174e2f
FED_H6_ARCHIVE_M2,role5-pilot-20120426,role5-pilot-20120426-body,H6/M2SL,US_M2_MONEY_STOCK_SA,LIQUIDITY,MONEY_SUPPLY_BUNDLE,2010-07-01,2012-04-26,8579.4,8579.4,BILLIONS_OF_DOLLARS,MONTHLY_REFERENCE_VALUES_FROM_WEEKLY_OR_MONTHLY_RELEASE_SNAPSHOT,SEASONALLY_ADJUSTED,2010-July,2012-04-26,2012-04-27T16:00:00Z,2012-04-28T00:00:00+08:00,J0_CONSERVATIVE_36H_FROM_DATED_RELEASE_DATE_START_AMERICA_NEW_YORK,LEGACY_PRE,SOURCE_VERSION_UNRESOLVED,INELIGIBLE_PILOT_SPARSE_REVISION_CHAIN,True,0dd8cb435daaaac1e39f03f1845a61c4f2676793f1bb97553218de1a0c6951c5,0,,H6-M2-2010-07-01-2012-04-26-0,FIRST_SEEN_IN_SPARSE_PILOT,90a530ae46588c5f9a224ad6dc536a3f194b8cc06e918c3c6f1c316be31659b2
FED_H6_ARCHIVE_M2,role5-pilot-20120426,role5-pilot-20120426-body,H6/M2SL,US_M2_MONEY_STOCK_SA,LIQUIDITY,MONEY_SUPPLY_BUNDLE,2010-08-01,2012-04-26,8606.2,8606.2,BILLIONS_OF_DOLLARS,MONTHLY_REFERENCE_VALUES_FROM_WEEKLY_OR_MONTHLY_RELEASE_SNAPSHOT,SEASONALLY_ADJUSTED,2010-Aug.,2012-04-26,2012-04-27T16:00:00Z,2012-04-28T00:00:00+08:00,J0_CONSERVATIVE_36H_FROM_DATED_RELEASE_DATE_START_AMERICA_NEW_YORK,LEGACY_PRE,SOURCE_VERSION_UNRESOLVED,INELIGIBLE_PILOT_SPARSE_REVISION_CHAIN,True,0dd8cb435daaaac1e39f03f1845a61c4f2676793f1bb97553218de1a0c6951c5,0,,H6-M2-2010-08-01-2012-04-26-0,FIRST_SEEN_IN_SPARSE_PILOT,ce2fcf42a285e3e7267dfe64008ad0d2e6512a188693815669ba968923d1049c
FED_H6_ARCHIVE_M2,role5-pilot-20120426,role5-pilot-20120426-body,H6/M2SL,US_M2_MONEY_STOCK_SA,LIQUIDITY,MONEY_SUPPLY_BUNDLE,2010-09-01,2012-04-26,8640.7,8640.7,BILLIONS_OF_DOLLARS,MONTHLY_REFERENCE_VALUES_FROM_WEEKLY_OR_MONTHLY_RELEASE_SNAPSHOT,SEASONALLY_ADJUSTED,2010-Sep.,2012-04-26,2012-04-27T16:00:00Z,2012-04-28T00:00:00+08:00,J0_CONSERVATIVE_36H_FROM_DATED_RELEASE_DATE_START_AMERICA_NEW_YORK,LEGACY_PRE,SOURCE_VERSION_UNRESOLVED,INELIGIBLE_PILOT_SPARSE_REVISION_CHAIN,True,0dd8cb435daaaac1e39f03f1845a61c4f2676793f1bb97553218de1a0c6951c5,0,,H6-M2-2010-09-01-2012-04-26-0,FIRST_SEEN_IN_SPARSE_PILOT,586eac691be0cc34658cafcc4a691ef2e6c0d029ffc6c758061b7476fcbfd122
FED_H6_ARCHIVE_M2,role5-pilot-20120426,role5-pilot-20120426-body,H6/M2SL,US_M2_MONEY_STOCK_SA,LIQUIDITY,MONEY_SUPPLY_BUNDLE,2010-10-01,2012-04-26,8693.5,8693.5,BILLIONS_OF_DOLLARS,MONTHLY_REFERENCE_VALUES_FROM_WEEKLY_OR_MONTHLY_RELEASE_SNAPSHOT,SEASONALLY_ADJUSTED,2010-Oct.,2012-04-26,2012-04-27T16:00:00Z,2012-04-28T00:00:00+08:00,J0_CONSERVATIVE_36H_FROM_DATED_RELEASE_DATE_START_AMERICA_NEW_YORK,LEGACY_PRE,SOURCE_VERSION_UNRESOLVED,INELIGIBLE_PILOT_SPARSE_REVISION_CHAIN,True,0dd8cb435daaaac1e39f03f1845a61c4f2676793f1bb97553218de1a0c6951c5,0,,H6-M2-2010-10-01-2012-04-26-0,FIRST_SEEN_IN_SPARSE_PILOT,17276970b5711485b55157b7631c21fbb6a28595a0cb44b6b45cf9569c92c8d8
FED_H6_ARCHIVE_M2,role5-pilot-20120426,role5-pilot-20120426-body,H6/M2SL,US_M2_MONEY_STOCK_SA,LIQUIDITY,MONEY_SUPPLY_BUNDLE,2010-11-01,2012-04-26,8724.2,8724.2,BILLIONS_OF_DOLLARS,MONTHLY_REFERENCE_VALUES_FROM_WEEKLY_OR_MONTHLY_RELEASE_SNAPSHOT,SEASONALLY_ADJUSTED,2010-Nov.,2012-04-26,2012-04-27T16:00:00Z,2012-04-28T00:00:00+08:00,J0_CONSERVATIVE_36H_FROM_DATED_RELEASE_DATE_START_AMERICA_NEW_YORK,LEGACY_PRE,SOURCE_VERSION_UNRESOLVED,INELIGIBLE_PILOT_SPARSE_REVISION_CHAIN,True,0dd8cb435daaaac1e39f03f1845a61c4f2676793f1bb97553218de1a0c6951c5,0,,H6-M2-2010-11-01-2012-04-26-0,FIRST_SEEN_IN_SPARSE_PILOT,3219fe5a22603ad0916f7f887b6b6b6b874c29f029df312d69bc3e92ee4dbb2b
FED_H6_ARCHIVE_M2,role5-pilot-20120426,role5-pilot-20120426-body,H6/M2SL,US_M2_MONEY_STOCK_SA,LIQUIDITY,MONEY_SUPPLY_BUNDLE,2010-12-01,2012-04-26,8765.3,8765.3,BILLIONS_OF_DOLLARS,MONTHLY_REFERENCE_VALUES_FROM_WEEKLY_OR_MONTHLY_RELEASE_SNAPSHOT,SEASONALLY_ADJUSTED,2010-Dec.,2012-04-26,2012-04-27T16:00:00Z,2012-04-28T00:00:00+08:00,J0_CONSERVATIVE_36H_FROM_DATED_RELEASE_DATE_START_AMERICA_NEW_YORK,LEGACY_PRE,SOURCE_VERSION_UNRESOLVED,INELIGIBLE_PILOT_SPARSE_REVISION_CHAIN,True,0dd8cb435daaaac1e39f03f1845a61c4f2676793f1bb97553218de1a0c6951c5,0,,H6-M2-2010-12-01-2012-04-26-0,FIRST_SEEN_IN_SPARSE_PILOT,81512792fc90b7a42324f4453a2872e0d8e83038275eedee921eb713ce8db499
FED_H6_ARCHIVE_M2,role5-pilot-20120426,role5-pilot-20120426-body,H6/M2SL,US_M2_MONEY_STOCK_SA,LIQUIDITY,MONEY_SUPPLY_BUNDLE,2011-01-01,2012-04-26,8829.1,8829.1,BILLIONS_OF_DOLLARS,MONTHLY_REFERENCE_VALUES_FROM_WEEKLY_OR_MONTHLY_RELEASE_SNAPSHOT,SEASONALLY_ADJUSTED,2011-Jan.,2012-04-26,2012-04-27T16:00:00Z,2012-04-28T00:00:00+08:00,J0_CONSERVATIVE_36H_FROM_DATED_RELEASE_DATE_START_AMERICA_NEW_YORK,LEGACY_PRE,SOURCE_VERSION_UNRESOLVED,INELIGIBLE_PILOT_SPARSE_REVISION_CHAIN,True,0dd8cb435daaaac1e39f03f1845a61c4f2676793f1bb97553218de1a0c6951c5,0,,H6-M2-2011-01-01-2012-04-26-0,FIRST_SEEN_IN_SPARSE_PILOT,653b95790b733d56d97d78484206654246d63b379371a46cac2d4dba13b9a1cb
FED_H6_ARCHIVE_M2,role5-pilot-20120426,role5-pilot-20120426-body,H6/M2SL,US_M2_MONEY_STOCK_SA,LIQUIDITY,MONEY_SUPPLY_BUNDLE,2011-02-01,2012-04-26,8872.6,8872.6,BILLIONS_OF_DOLLARS,MONTHLY_REFERENCE_VALUES_FROM_WEEKLY_OR_MONTHLY_RELEASE_SNAPSHOT,SEASONALLY_ADJUSTED,2011-Feb.,2012-04-26,2012-04-27T16:00:00Z,2012-04-28T00:00:00+08:00,J0_CONSERVATIVE_36H_FROM_DATED_RELEASE_DATE_START_AMERICA_NEW_YORK,LEGACY_PRE,SOURCE_VERSION_UNRESOLVED,INELIGIBLE_PILOT_SPARSE_REVISION_CHAIN,True,0dd8cb435daaaac1e39f03f1845a61c4f2676793f1bb97553218de1a0c6951c5,0,,H6-M2-2011-02-01-2012-04-26-0,FIRST_SEEN_IN_SPARSE_PILOT,b2c0a4d01477d8b5e9dcf4228cdca20614fe09fba2a20f02edbf4829dc9ef36c
FED_H6_ARCHIVE_M2,role5-pilot-20120426,role5-pilot-20120426-body,H6/M2SL,US_M2_MONEY_STOCK_SA,LIQUIDITY,MONEY_SUPPLY_BUNDLE,2011-03-01,2012-04-26,8920.4,8920.4,BILLIONS_OF_DOLLARS,MONTHLY_REFERENCE_VALUES_FROM_WEEKLY_OR_MONTHLY_RELEASE_SNAPSHOT,SEASONALLY_ADJUSTED,2011-Mar.,2012-04-26,2012-04-27T16:00:00Z,2012-04-28T00:00:00+08:00,J0_CONSERVATIVE_36H_FROM_DATED_RELEASE_DATE_START_AMERICA_NEW_YORK,LEGACY_PRE,SOURCE_VERSION_UNRESOLVED,INELIGIBLE_PILOT_SPARSE_REVISION_CHAIN,True,0dd8cb435daaaac1e39f03f1845a61c4f2676793f1bb97553218de1a0c6951c5,0,,H6-M2-2011-03-01-2012-04-26-0,FIRST_SEEN_IN_SPARSE_PILOT,5b815b8718379051e56ff4897aa66b660d238c6a1883238805c1ddc60d98f8e7
FED_H6_ARCHIVE_M2,role5-pilot-20120426,role5-pilot-20120426-body,H6/M2SL,US_M2_MONEY_STOCK_SA,LIQUIDITY,MONEY_SUPPLY_BUNDLE,2011-04-01,2012-04-26,8967.6,8967.6,BILLIONS_OF_DOLLARS,MONTHLY_REFERENCE_VALUES_FROM_WEEKLY_OR_MONTHLY_RELEASE_SNAPSHOT,SEASONALLY_ADJUSTED,2011-Apr.,2012-04-26,2012-04-27T16:00:00Z,2012-04-28T00:00:00+08:00,J0_CONSERVATIVE_36H_FROM_DATED_RELEASE_DATE_START_AMERICA_NEW_YORK,LEGACY_PRE,SOURCE_VERSION_UNRESOLVED,INELIGIBLE_PILOT_SPARSE_REVISION_CHAIN,True,0dd8cb435daaaac1e39f03f1845a61c4f2676793f1bb97553218de1a0c6951c5,0,,H6-M2-2011-04-01-2012-04-26-0,FIRST_SEEN_IN_SPARSE_PILOT,ee07be8c393d75393bc53ad53a35740a5ca3080f3d6c91042499fd97c78f609a
FED_H6_ARCHIVE_M2,role5-pilot-20120426,role5-pilot-20120426-body,H6/M2SL,US_M2_MONEY_STOCK_SA,LIQUIDITY,MONEY_SUPPLY_BUNDLE,2011-05-01,2012-04-26,9017.6,9017.6,BILLIONS_OF_DOLLARS,MONTHLY_REFERENCE_VALUES_FROM_WEEKLY_OR_MONTHLY_RELEASE_SNAPSHOT,SEASONALLY_ADJUSTED,2011-May,2012-04-26,2012-04-27T16:00:00Z,2012-04-28T00:00:00+08:00,J0_CONSERVATIVE_36H_FROM_DATED_RELEASE_DATE_START_AMERICA_NEW_YORK,LEGACY_PRE,SOURCE_VERSION_UNRESOLVED,INELIGIBLE_PILOT_SPARSE_REVISION_CHAIN,True,0dd8cb435daaaac1e39f03f1845a61c4f2676793f1bb97553218de1a0c6951c5,0,,H6-M2-2011-05-01-2012-04-26-0,FIRST_SEEN_IN_SPARSE_PILOT,4694abebd0939355a396c0da07d84da1cda77a2d6d5d45a1874d967ac5113b9c
FED_H6_ARCHIVE_M2,role5-pilot-20120426,role5-pilot-20120426-body,H6/M2SL,US_M2_MONEY_STOCK_SA,LIQUIDITY,MONEY_SUPPLY_BUNDLE,2011-06-01,2012-04-26,9094.0,9094.0,BILLIONS_OF_DOLLARS,MONTHLY_REFERENCE_VALUES_FROM_WEEKLY_OR_MONTHLY_RELEASE_SNAPSHOT,SEASONALLY_ADJUSTED,2011-June,2012-04-26,2012-04-27T16:00:00Z,2012-04-28T00:00:00+08:00,J0_CONSERVATIVE_36H_FROM_DATED_RELEASE_DATE_START_AMERICA_NEW_YORK,LEGACY_PRE,SOURCE_VERSION_UNRESOLVED,INELIGIBLE_PILOT_SPARSE_REVISION_CHAIN,True,0dd8cb435daaaac1e39f03f1845a61c4f2676793f1bb97553218de1a0c6951c5,0,,H6-M2-2011-06-01-2012-04-26-0,FIRST_SEEN_IN_SPARSE_PILOT,9d622eb04f810739bf667580d8f0b8c702990cbf0a7c987b786d118d91bfa558
FED_H6_ARCHIVE_M2,role5-pilot-20120426,role5-pilot-20120426-body,H6/M2SL,US_M2_MONEY_STOCK_SA,LIQUIDITY,MONEY_SUPPLY_BUNDLE,2011-07-01,2012-04-26,9267.1,9267.1,BILLIONS_OF_DOLLARS,MONTHLY_REFERENCE_VALUES_FROM_WEEKLY_OR_MONTHLY_RELEASE_SNAPSHOT,SEASONALLY_ADJUSTED,2011-July,2012-04-26,2012-04-27T16:00:00Z,2012-04-28T00:00:00+08:00,J0_CONSERVATIVE_36H_FROM_DATED_RELEASE_DATE_START_AMERICA_NEW_YORK,LEGACY_PRE,SOURCE_VERSION_UNRESOLVED,INELIGIBLE_PILOT_SPARSE_REVISION_CHAIN,True,0dd8cb435daaaac1e39f03f1845a61c4f2676793f1bb97553218de1a0c6951c5,0,,H6-M2-2011-07-01-2012-04-26-0,FIRST_SEEN_IN_SPARSE_PILOT,69299354e4a8272fffc04e5c332c36f84b6ca6e58a89a4cf35c530feeb53387e
FED_H6_ARCHIVE_M2,role5-pilot-20120426,role5-pilot-20120426-body,H6/M2SL,US_M2_MONEY_STOCK_SA,LIQUIDITY,MONEY_SUPPLY_BUNDLE,2011-08-01,2012-04-26,9457.0,9457.0,BILLIONS_OF_DOLLARS,MONTHLY_REFERENCE_VALUES_FROM_WEEKLY_OR_MONTHLY_RELEASE_SNAPSHOT,SEASONALLY_ADJUSTED,2011-Aug.,2012-04-26,2012-04-27T16:00:00Z,2012-04-28T00:00:00+08:00,J0_CONSERVATIVE_36H_FROM_DATED_RELEASE_DATE_START_AMERICA_NEW_YORK,LEGACY_PRE,SOURCE_VERSION_UNRESOLVED,INELIGIBLE_PILOT_SPARSE_REVISION_CHAIN,True,0dd8cb435daaaac1e39f03f1845a61c4f2676793f1bb97553218de1a0c6951c5,0,,H6-M2-2011-08-01-2012-04-26-0,FIRST_SEEN_IN_SPARSE_PILOT,07f350482fcd301d61574b59501fa1c874b8f28f4d3f2e50cd20cc8833491008
FED_H6_ARCHIVE_M2,role5-pilot-20120426,role5-pilot-20120426-body,H6/M2SL,US_M2_MONEY_STOCK_SA,LIQUIDITY,MONEY_SUPPLY_BUNDLE,2011-09-01,2012-04-26,9476.8,9476.8,BILLIONS_OF_DOLLARS,MONTHLY_REFERENCE_VALUES_FROM_WEEKLY_OR_MONTHLY_RELEASE_SNAPSHOT,SEASONALLY_ADJUSTED,2011-Sep.,2012-04-26,2012-04-27T16:00:00Z,2012-04-28T00:00:00+08:00,J0_CONSERVATIVE_36H_FROM_DATED_RELEASE_DATE_START_AMERICA_NEW_YORK,LEGACY_PRE,SOURCE_VERSION_UNRESOLVED,INELIGIBLE_PILOT_SPARSE_REVISION_CHAIN,True,0dd8cb435daaaac1e39f03f1845a61c4f2676793f1bb97553218de1a0c6951c5,0,,H6-M2-2011-09-01-2012-04-26-0,FIRST_SEEN_IN_SPARSE_PILOT,8c6690ff83106c2a0324709bd997891c051a41f5f39d0f9a4b98d2af4e5e085c
FED_H6_ARCHIVE_M2,role5-pilot-20120426,role5-pilot-20120426-body,H6/M2SL,US_M2_MONEY_STOCK_SA,LIQUIDITY,MONEY_SUPPLY_BUNDLE,2011-10-01,2012-04-26,9523.9,9523.9,BILLIONS_OF_DOLLARS,MONTHLY_REFERENCE_VALUES_FROM_WEEKLY_OR_MONTHLY_RELEASE_SNAPSHOT,SEASONALLY_ADJUSTED,2011-Oct.,2012-04-26,2012-04-27T16:00:00Z,2012-04-28T00:00:00+08:00,J0_CONSERVATIVE_36H_FROM_DATED_RELEASE_DATE_START_AMERICA_NEW_YORK,LEGACY_PRE,SOURCE_VERSION_UNRESOLVED,INELIGIBLE_PILOT_SPARSE_REVISION_CHAIN,True,0dd8cb435daaaac1e39f03f1845a61c4f2676793f1bb97553218de1a0c6951c5,0,,H6-M2-2011-10-01-2012-04-26-0,FIRST_SEEN_IN_SPARSE_PILOT,3bd05d3c0ec2a4cdfce09a1430ba722859d0268cc49eca0dd475644c7d78eab5
FED_H6_ARCHIVE_M2,role5-pilot-20120426,role5-pilot-20120426-body,H6/M2SL,US_M2_MONEY_STOCK_SA,LIQUIDITY,MONEY_SUPPLY_BUNDLE,2011-11-01,2012-04-26,9571.6,9571.6,BILLIONS_OF_DOLLARS,MONTHLY_REFERENCE_VALUES_FROM_WEEKLY_OR_MONTHLY_RELEASE_SNAPSHOT,SEASONALLY_ADJUSTED,2011-Nov.,2012-04-26,2012-04-27T16:00:00Z,2012-04-28T00:00:00+08:00,J0_CONSERVATIVE_36H_FROM_DATED_RELEASE_DATE_START_AMERICA_NEW_YORK,LEGACY_PRE,SOURCE_VERSION_UNRESOLVED,INELIGIBLE_PILOT_SPARSE_REVISION_CHAIN,True,0dd8cb435daaaac1e39f03f1845a61c4f2676793f1bb97553218de1a0c6951c5,0,,H6-M2-2011-11-01-2012-04-26-0,FIRST_SEEN_IN_SPARSE_PILOT,e60ef815f63386fb6594ac12acd8e6689b581398c6c17d5db1626dc52bba2cc2
FED_H6_ARCHIVE_M2,role5-pilot-20120426,role5-pilot-20120426-body,H6/M2SL,US_M2_MONEY_STOCK_SA,LIQUIDITY,MONEY_SUPPLY_BUNDLE,2011-12-01,2012-04-26,9616.6,9616.6,BILLIONS_OF_DOLLARS,MONTHLY_REFERENCE_VALUES_FROM_WEEKLY_OR_MONTHLY_RELEASE_SNAPSHOT,SEASONALLY_ADJUSTED,2011-Dec.,2012-04-26,2012-04-27T16:00:00Z,2012-04-28T00:00:00+08:00,J0_CONSERVATIVE_36H_FROM_DATED_RELEASE_DATE_START_AMERICA_NEW_YORK,LEGACY_PRE,SOURCE_VERSION_UNRESOLVED,INELIGIBLE_PILOT_SPARSE_REVISION_CHAIN,True,0dd8cb435daaaac1e39f03f1845a61c4f2676793f1bb97553218de1a0c6951c5,0,,H6-M2-2011-12-01-2012-04-26-0,FIRST_SEEN_IN_SPARSE_PILOT,2280e74a39dd07a2a66bc23d8c034c76e94c45de30bac6915450c0e9b5fa353b
FED_H6_ARCHIVE_M2,role5-pilot-20120426,role5-pilot-20120426-body,H6/M2SL,US_M2_MONEY_STOCK_SA,LIQUIDITY,MONEY_SUPPLY_BUNDLE,2012-01-01,2012-04-26,9744.4,9744.4,BILLIONS_OF_DOLLARS,MONTHLY_REFERENCE_VALUES_FROM_WEEKLY_OR_MONTHLY_RELEASE_SNAPSHOT,SEASONALLY_ADJUSTED,2012-Jan.,2012-04-26,2012-04-27T16:00:00Z,2012-04-28T00:00:00+08:00,J0_CONSERVATIVE_36H_FROM_DATED_RELEASE_DATE_START_AMERICA_NEW_YORK,LEGACY_PRE,SOURCE_VERSION_UNRESOLVED,INELIGIBLE_PILOT_SPARSE_REVISION_CHAIN,True,0dd8cb435daaaac1e39f03f1845a61c4f2676793f1bb97553218de1a0c6951c5,0,,H6-M2-2012-01-01-2012-04-26-0,FIRST_SEEN_IN_SPARSE_PILOT,77dce2e19765c1ba800608137a55c91e9715da3fa079d9b8ceb06260ad28860f
FED_H6_ARCHIVE_M2,role5-pilot-20120426,role5-pilot-20120426-body,H6/M2SL,US_M2_MONEY_STOCK_SA,LIQUIDITY,MONEY_SUPPLY_BUNDLE,2012-02-01,2012-04-26,9769.1,9769.1,BILLIONS_OF_DOLLARS,MONTHLY_REFERENCE_VALUES_FROM_WEEKLY_OR_MONTHLY_RELEASE_SNAPSHOT,SEASONALLY_ADJUSTED,2012-Feb.,2012-04-26,2012-04-27T16:00:00Z,2012-04-28T00:00:00+08:00,J0_CONSERVATIVE_36H_FROM_DATED_RELEASE_DATE_START_AMERICA_NEW_YORK,LEGACY_PRE,SOURCE_VERSION_UNRESOLVED,INELIGIBLE_PILOT_SPARSE_REVISION_CHAIN,True,0dd8cb435daaaac1e39f03f1845a61c4f2676793f1bb97553218de1a0c6951c5,0,,H6-M2-2012-02-01-2012-04-26-0,FIRST_SEEN_IN_SPARSE_PILOT,db6a8b8d142353811b225f20fbf5bfbcf9cf486c0f06b1b4c817793e47aca3ac
FED_H6_ARCHIVE_M2,role5-pilot-20120426,role5-pilot-20120426-body,H6/M2SL,US_M2_MONEY_STOCK_SA,LIQUIDITY,MONEY_SUPPLY_BUNDLE,2012-03-01,2012-04-26,9798.7,9798.7,BILLIONS_OF_DOLLARS,MONTHLY_REFERENCE_VALUES_FROM_WEEKLY_OR_MONTHLY_RELEASE_SNAPSHOT,SEASONALLY_ADJUSTED,2012-Mar.,2012-04-26,2012-04-27T16:00:00Z,2012-04-28T00:00:00+08:00,J0_CONSERVATIVE_36H_FROM_DATED_RELEASE_DATE_START_AMERICA_NEW_YORK,LEGACY_PRE,SOURCE_VERSION_UNRESOLVED,INELIGIBLE_PILOT_SPARSE_REVISION_CHAIN,True,0dd8cb435daaaac1e39f03f1845a61c4f2676793f1bb97553218de1a0c6951c5,0,,H6-M2-2012-03-01-2012-04-26-0,FIRST_SEEN_IN_SPARSE_PILOT,80027bf65a96b8583feffd3aa07207d818949e1753e449336453886ede2ea425
FED_H6_ARCHIVE_M2,role5-pilot-20201231,role5-pilot-20201231-body,H6/M2SL,US_M2_MONEY_STOCK_SA,LIQUIDITY,MONEY_SUPPLY_BUNDLE,2019-07-01,2020-12-31,14862.1,14862.1,BILLIONS_OF_DOLLARS,MONTHLY_REFERENCE_VALUES_FROM_WEEKLY_OR_MONTHLY_RELEASE_SNAPSHOT,SEASONALLY_ADJUSTED,July 2019,2020-12-31,2021-01-01T17:00:00Z,2021-01-02T01:00:00+08:00,J0_CONSERVATIVE_36H_FROM_DATED_RELEASE_DATE_START_AMERICA_NEW_YORK,MODERN_HTML_TABLE,SOURCE_VERSION_UNRESOLVED,INELIGIBLE_PILOT_SPARSE_REVISION_CHAIN,True,b80d1b893fc1a05b36fc8a5a70d35c4d289f2e85ea1d1c873dd8db37f195cc6a,0,,H6-M2-2019-07-01-2020-12-31-0,FIRST_SEEN_IN_SPARSE_PILOT,441f73f36c63433f818b14bfc5cfa92d597568ea431e9c667236da9a57552e74
FED_H6_ARCHIVE_M2,role5-pilot-20201231,role5-pilot-20201231-body,H6/M2SL,US_M2_MONEY_STOCK_SA,LIQUIDITY,MONEY_SUPPLY_BUNDLE,2019-08-01,2020-12-31,14933.3,14933.3,BILLIONS_OF_DOLLARS,MONTHLY_REFERENCE_VALUES_FROM_WEEKLY_OR_MONTHLY_RELEASE_SNAPSHOT,SEASONALLY_ADJUSTED,Aug. 2019,2020-12-31,2021-01-01T17:00:00Z,2021-01-02T01:00:00+08:00,J0_CONSERVATIVE_36H_FROM_DATED_RELEASE_DATE_START_AMERICA_NEW_YORK,MODERN_HTML_TABLE,SOURCE_VERSION_UNRESOLVED,INELIGIBLE_PILOT_SPARSE_REVISION_CHAIN,True,b80d1b893fc1a05b36fc8a5a70d35c4d289f2e85ea1d1c873dd8db37f195cc6a,0,,H6-M2-2019-08-01-2020-12-31-0,FIRST_SEEN_IN_SPARSE_PILOT,12eec925cf90aea61fb152cced2b944ae20a9dc4e477effd1d5864af5cf20e0f
FED_H6_ARCHIVE_M2,role5-pilot-20201231,role5-pilot-20201231-body,H6/M2SL,US_M2_MONEY_STOCK_SA,LIQUIDITY,MONEY_SUPPLY_BUNDLE,2019-09-01,2020-12-31,15022.9,15022.9,BILLIONS_OF_DOLLARS,MONTHLY_REFERENCE_VALUES_FROM_WEEKLY_OR_MONTHLY_RELEASE_SNAPSHOT,SEASONALLY_ADJUSTED,Sept. 2019,2020-12-31,2021-01-01T17:00:00Z,2021-01-02T01:00:00+08:00,J0_CONSERVATIVE_36H_FROM_DATED_RELEASE_DATE_START_AMERICA_NEW_YORK,MODERN_HTML_TABLE,SOURCE_VERSION_UNRESOLVED,INELIGIBLE_PILOT_SPARSE_REVISION_CHAIN,True,b80d1b893fc1a05b36fc8a5a70d35c4d289f2e85ea1d1c873dd8db37f195cc6a,0,,H6-M2-2019-09-01-2020-12-31-0,FIRST_SEEN_IN_SPARSE_PILOT,acf9737ed5bec10f3fe8a795fe2322ea5785dba5c67713f459858d654f3809a7
FED_H6_ARCHIVE_M2,role5-pilot-20210223,role5-pilot-20210223-body,H6/M2SL,US_M2_MONEY_STOCK_SA,LIQUIDITY,MONEY_SUPPLY_BUNDLE,2019-09-01,2021-02-23,15034.9,15034.9,BILLIONS_OF_DOLLARS,MONTHLY_REFERENCE_VALUES_FROM_WEEKLY_OR_MONTHLY_RELEASE_SNAPSHOT,SEASONALLY_ADJUSTED,Sept. 2019,2021-02-23,2021-02-24T17:00:00Z,2021-02-25T01:00:00+08:00,J0_CONSERVATIVE_36H_FROM_DATED_RELEASE_DATE_START_AMERICA_NEW_YORK,MODERN_HTML_TABLE,SOURCE_VERSION_UNRESOLVED,INELIGIBLE_PILOT_SPARSE_REVISION_CHAIN,True,5569f47ffe6c051cb90442be16c5438cc65bd7cd2a42593c52ee65b37f25197f,1,H6-M2-2019-09-01-2020-12-31-0,H6-M2-2019-09-01-2021-02-23-1,LATER_SPARSE_PILOT_SNAPSHOT,4984896ba0862952766834a83c97107554a64de24b2d5b835fd2e58a93ca35d9
FED_H6_ARCHIVE_M2,role5-pilot-20201231,role5-pilot-20201231-body,H6/M2SL,US_M2_MONEY_STOCK_SA,LIQUIDITY,MONEY_SUPPLY_BUNDLE,2019-10-01,2020-12-31,15149.9,15149.9,BILLIONS_OF_DOLLARS,MONTHLY_REFERENCE_VALUES_FROM_WEEKLY_OR_MONTHLY_RELEASE_SNAPSHOT,SEASONALLY_ADJUSTED,Oct. 2019,2020-12-31,2021-01-01T17:00:00Z,2021-01-02T01:00:00+08:00,J0_CONSERVATIVE_36H_FROM_DATED_RELEASE_DATE_START_AMERICA_NEW_YORK,MODERN_HTML_TABLE,SOURCE_VERSION_UNRESOLVED,INELIGIBLE_PILOT_SPARSE_REVISION_CHAIN,True,b80d1b893fc1a05b36fc8a5a70d35c4d289f2e85ea1d1c873dd8db37f195cc6a,0,,H6-M2-2019-10-01-2020-12-31-0,FIRST_SEEN_IN_SPARSE_PILOT,5c046f10209dd82afcbfa24a4ce763d7467a42cd70d314f6d039928b5fca3eb7
FED_H6_ARCHIVE_M2,role5-pilot-20210223,role5-pilot-20210223-body,H6/M2SL,US_M2_MONEY_STOCK_SA,LIQUIDITY,MONEY_SUPPLY_BUNDLE,2019-10-01,2021-02-23,15161.5,15161.5,BILLIONS_OF_DOLLARS,MONTHLY_REFERENCE_VALUES_FROM_WEEKLY_OR_MONTHLY_RELEASE_SNAPSHOT,SEASONALLY_ADJUSTED,Oct. 2019,2021-02-23,2021-02-24T17:00:00Z,2021-02-25T01:00:00+08:00,J0_CONSERVATIVE_36H_FROM_DATED_RELEASE_DATE_START_AMERICA_NEW_YORK,MODERN_HTML_TABLE,SOURCE_VERSION_UNRESOLVED,INELIGIBLE_PILOT_SPARSE_REVISION_CHAIN,True,5569f47ffe6c051cb90442be16c5438cc65bd7cd2a42593c52ee65b37f25197f,1,H6-M2-2019-10-01-2020-12-31-0,H6-M2-2019-10-01-2021-02-23-1,LATER_SPARSE_PILOT_SNAPSHOT,c4482f9c533a3fa84ece872235921d5539ae4a4cf015a2081f4bbf91c1b5a55c
FED_H6_ARCHIVE_M2,role5-pilot-20210323,role5-pilot-20210323-body,H6/M2SL,US_M2_MONEY_STOCK_SA,LIQUIDITY,MONEY_SUPPLY_BUNDLE,2019-10-01,2021-03-23,15156.7,15156.7,BILLIONS_OF_DOLLARS,MONTHLY_REFERENCE_VALUES_FROM_WEEKLY_OR_MONTHLY_RELEASE_SNAPSHOT,SEASONALLY_ADJUSTED,Oct. 2019,2021-03-23,2021-03-24T16:00:00Z,2021-03-25T00:00:00+08:00,J0_CONSERVATIVE_36H_FROM_DATED_RELEASE_DATE_START_AMERICA_NEW_YORK,MODERN_HTML_TABLE,SOURCE_VERSION_UNRESOLVED,INELIGIBLE_PILOT_SPARSE_REVISION_CHAIN,True,7a0aed23579f2af4f7626f611f83fd2805f8e5d225574729c28bd1b884145ced,2,H6-M2-2019-10-01-2021-02-23-1,H6-M2-2019-10-01-2021-03-23-2,LATER_SPARSE_PILOT_SNAPSHOT,7878a363b3368b6e668c4908caddb7ca0335ce3a0e12e4775810edf558b4dd96
FED_H6_ARCHIVE_M2,role5-pilot-20201231,role5-pilot-20201231-body,H6/M2SL,US_M2_MONEY_STOCK_SA,LIQUIDITY,MONEY_SUPPLY_BUNDLE,2019-11-01,2020-12-31,15251.2,15251.2,BILLIONS_OF_DOLLARS,MONTHLY_REFERENCE_VALUES_FROM_WEEKLY_OR_MONTHLY_RELEASE_SNAPSHOT,SEASONALLY_ADJUSTED,Nov. 2019,2020-12-31,2021-01-01T17:00:00Z,2021-01-02T01:00:00+08:00,J0_CONSERVATIVE_36H_FROM_DATED_RELEASE_DATE_START_AMERICA_NEW_YORK,MODERN_HTML_TABLE,SOURCE_VERSION_UNRESOLVED,INELIGIBLE_PILOT_SPARSE_REVISION_CHAIN,True,b80d1b893fc1a05b36fc8a5a70d35c4d289f2e85ea1d1c873dd8db37f195cc6a,0,,H6-M2-2019-11-01-2020-12-31-0,FIRST_SEEN_IN_SPARSE_PILOT,709a03816abf6b367c2544b22d1144ab79ef1ecddc2c204cf9f6ec8b5b9fc65f
FED_H6_ARCHIVE_M2,role5-pilot-20210223,role5-pilot-20210223-body,H6/M2SL,US_M2_MONEY_STOCK_SA,LIQUIDITY,MONEY_SUPPLY_BUNDLE,2019-11-01,2021-02-23,15263.2,15263.2,BILLIONS_OF_DOLLARS,MONTHLY_REFERENCE_VALUES_FROM_WEEKLY_OR_MONTHLY_RELEASE_SNAPSHOT,SEASONALLY_ADJUSTED,Nov. 2019,2021-02-23,2021-02-24T17:00:00Z,2021-02-25T01:00:00+08:00,J0_CONSERVATIVE_36H_FROM_DATED_RELEASE_DATE_START_AMERICA_NEW_YORK,MODERN_HTML_TABLE,SOURCE_VERSION_UNRESOLVED,INELIGIBLE_PILOT_SPARSE_REVISION_CHAIN,True,5569f47ffe6c051cb90442be16c5438cc65bd7cd2a42593c52ee65b37f25197f,1,H6-M2-2019-11-01-2020-12-31-0,H6-M2-2019-11-01-2021-02-23-1,LATER_SPARSE_PILOT_SNAPSHOT,a120390894b81d471477c01770ec897ed575ac6d8e1f1b691efcd64023eab061
FED_H6_ARCHIVE_M2,role5-pilot-20210323,role5-pilot-20210323-body,H6/M2SL,US_M2_MONEY_STOCK_SA,LIQUIDITY,MONEY_SUPPLY_BUNDLE,2019-11-01,2021-03-23,15254.4,15254.4,BILLIONS_OF_DOLLARS,MONTHLY_REFERENCE_VALUES_FROM_WEEKLY_OR_MONTHLY_RELEASE_SNAPSHOT,SEASONALLY_ADJUSTED,Nov. 2019,2021-03-23,2021-03-24T16:00:00Z,2021-03-25T00:00:00+08:00,J0_CONSERVATIVE_36H_FROM_DATED_RELEASE_DATE_START_AMERICA_NEW_YORK,MODERN_HTML_TABLE,SOURCE_VERSION_UNRESOLVED,INELIGIBLE_PILOT_SPARSE_REVISION_CHAIN,True,7a0aed23579f2af4f7626f611f83fd2805f8e5d225574729c28bd1b884145ced,2,H6-M2-2019-11-01-2021-02-23-1,H6-M2-2019-11-01-2021-03-23-2,LATER_SPARSE_PILOT_SNAPSHOT,dd883cb3d6e7fc08ca9505e68c8452d7aab414df1e9285a9c6656b2b66b90b99
FED_H6_ARCHIVE_M2,role5-pilot-20201231,role5-pilot-20201231-body,H6/M2SL,US_M2_MONEY_STOCK_SA,LIQUIDITY,MONEY_SUPPLY_BUNDLE,2019-12-01,2020-12-31,15307.1,15307.1,BILLIONS_OF_DOLLARS,MONTHLY_REFERENCE_VALUES_FROM_WEEKLY_OR_MONTHLY_RELEASE_SNAPSHOT,SEASONALLY_ADJUSTED,Dec. 2019,2020-12-31,2021-01-01T17:00:00Z,2021-01-02T01:00:00+08:00,J0_CONSERVATIVE_36H_FROM_DATED_RELEASE_DATE_START_AMERICA_NEW_YORK,MODERN_HTML_TABLE,SOURCE_VERSION_UNRESOLVED,INELIGIBLE_PILOT_SPARSE_REVISION_CHAIN,True,b80d1b893fc1a05b36fc8a5a70d35c4d289f2e85ea1d1c873dd8db37f195cc6a,0,,H6-M2-2019-12-01-2020-12-31-0,FIRST_SEEN_IN_SPARSE_PILOT,4820305eb6823ae381a2406ee8a11c2b25f3a78bbf47b32323f6de39d3800700
FED_H6_ARCHIVE_M2,role5-pilot-20210223,role5-pilot-20210223-body,H6/M2SL,US_M2_MONEY_STOCK_SA,LIQUIDITY,MONEY_SUPPLY_BUNDLE,2019-12-01,2021-02-23,15319.8,15319.8,BILLIONS_OF_DOLLARS,MONTHLY_REFERENCE_VALUES_FROM_WEEKLY_OR_MONTHLY_RELEASE_SNAPSHOT,SEASONALLY_ADJUSTED,Dec. 2019,2021-02-23,2021-02-24T17:00:00Z,2021-02-25T01:00:00+08:00,J0_CONSERVATIVE_36H_FROM_DATED_RELEASE_DATE_START_AMERICA_NEW_YORK,MODERN_HTML_TABLE,SOURCE_VERSION_UNRESOLVED,INELIGIBLE_PILOT_SPARSE_REVISION_CHAIN,True,5569f47ffe6c051cb90442be16c5438cc65bd7cd2a42593c52ee65b37f25197f,1,H6-M2-2019-12-01-2020-12-31-0,H6-M2-2019-12-01-2021-02-23-1,LATER_SPARSE_PILOT_SNAPSHOT,69aeb9150b0ff5adfcb050391a1ca3acb16bc98f281d64aa0bed505a2327ccf5
FED_H6_ARCHIVE_M2,role5-pilot-20210323,role5-pilot-20210323-body,H6/M2SL,US_M2_MONEY_STOCK_SA,LIQUIDITY,MONEY_SUPPLY_BUNDLE,2019-12-01,2021-03-23,15329.1,15329.1,BILLIONS_OF_DOLLARS,MONTHLY_REFERENCE_VALUES_FROM_WEEKLY_OR_MONTHLY_RELEASE_SNAPSHOT,SEASONALLY_ADJUSTED,Dec. 2019,2021-03-23,2021-03-24T16:00:00Z,2021-03-25T00:00:00+08:00,J0_CONSERVATIVE_36H_FROM_DATED_RELEASE_DATE_START_AMERICA_NEW_YORK,MODERN_HTML_TABLE,SOURCE_VERSION_UNRESOLVED,INELIGIBLE_PILOT_SPARSE_REVISION_CHAIN,True,7a0aed23579f2af4f7626f611f83fd2805f8e5d225574729c28bd1b884145ced,2,H6-M2-2019-12-01-2021-02-23-1,H6-M2-2019-12-01-2021-03-23-2,LATER_SPARSE_PILOT_SNAPSHOT,a1966a2a6dadb740a9027ae16fb55e43858085ca954f047c3903b4d0c57b99c6
FED_H6_ARCHIVE_M2,role5-pilot-20201231,role5-pilot-20201231-body,H6/M2SL,US_M2_MONEY_STOCK_SA,LIQUIDITY,MONEY_SUPPLY_BUNDLE,2020-01-01,2020-12-31,15402.1,15402.1,BILLIONS_OF_DOLLARS,MONTHLY_REFERENCE_VALUES_FROM_WEEKLY_OR_MONTHLY_RELEASE_SNAPSHOT,SEASONALLY_ADJUSTED,Jan. 2020,2020-12-31,2021-01-01T17:00:00Z,2021-01-02T01:00:00+08:00,J0_CONSERVATIVE_36H_FROM_DATED_RELEASE_DATE_START_AMERICA_NEW_YORK,MODERN_HTML_TABLE,SOURCE_VERSION_UNRESOLVED,INELIGIBLE_PILOT_SPARSE_REVISION_CHAIN,True,b80d1b893fc1a05b36fc8a5a70d35c4d289f2e85ea1d1c873dd8db37f195cc6a,0,,H6-M2-2020-01-01-2020-12-31-0,FIRST_SEEN_IN_SPARSE_PILOT,54541c06624c1e39d438341ea993643b96f2b1bf5305f641181413ca1089a4b8
FED_H6_ARCHIVE_M2,role5-pilot-20210223,role5-pilot-20210223-body,H6/M2SL,US_M2_MONEY_STOCK_SA,LIQUIDITY,MONEY_SUPPLY_BUNDLE,2020-01-01,2021-02-23,15416.4,15416.4,BILLIONS_OF_DOLLARS,MONTHLY_REFERENCE_VALUES_FROM_WEEKLY_OR_MONTHLY_RELEASE_SNAPSHOT,SEASONALLY_ADJUSTED,Jan. 2020,2021-02-23,2021-02-24T17:00:00Z,2021-02-25T01:00:00+08:00,J0_CONSERVATIVE_36H_FROM_DATED_RELEASE_DATE_START_AMERICA_NEW_YORK,MODERN_HTML_TABLE,SOURCE_VERSION_UNRESOLVED,INELIGIBLE_PILOT_SPARSE_REVISION_CHAIN,True,5569f47ffe6c051cb90442be16c5438cc65bd7cd2a42593c52ee65b37f25197f,1,H6-M2-2020-01-01-2020-12-31-0,H6-M2-2020-01-01-2021-02-23-1,LATER_SPARSE_PILOT_SNAPSHOT,e7b3c73b0e83c7ea9b344b34562a9319cec6993cf99ebe724682266b0c665487
FED_H6_ARCHIVE_M2,role5-pilot-20210323,role5-pilot-20210323-body,H6/M2SL,US_M2_MONEY_STOCK_SA,LIQUIDITY,MONEY_SUPPLY_BUNDLE,2020-01-01,2021-03-23,15410.0,15410.0,BILLIONS_OF_DOLLARS,MONTHLY_REFERENCE_VALUES_FROM_WEEKLY_OR_MONTHLY_RELEASE_SNAPSHOT,SEASONALLY_ADJUSTED,Jan. 2020,2021-03-23,2021-03-24T16:00:00Z,2021-03-25T00:00:00+08:00,J0_CONSERVATIVE_36H_FROM_DATED_RELEASE_DATE_START_AMERICA_NEW_YORK,MODERN_HTML_TABLE,SOURCE_VERSION_UNRESOLVED,INELIGIBLE_PILOT_SPARSE_REVISION_CHAIN,True,7a0aed23579f2af4f7626f611f83fd2805f8e5d225574729c28bd1b884145ced,2,H6-M2-2020-01-01-2021-02-23-1,H6-M2-2020-01-01-2021-03-23-2,LATER_SPARSE_PILOT_SNAPSHOT,af057a67ae949f26bf7433bb2c1c5ab7e3fd45f164bbbb146f89af8420afea74
FED_H6_ARCHIVE_M2,role5-pilot-20201231,role5-pilot-20201231-body,H6/M2SL,US_M2_MONEY_STOCK_SA,LIQUIDITY,MONEY_SUPPLY_BUNDLE,2020-02-01,2020-12-31,15446.9,15446.9,BILLIONS_OF_DOLLARS,MONTHLY_REFERENCE_VALUES_FROM_WEEKLY_OR_MONTHLY_RELEASE_SNAPSHOT,SEASONALLY_ADJUSTED,Feb. 2020,2020-12-31,2021-01-01T17:00:00Z,2021-01-02T01:00:00+08:00,J0_CONSERVATIVE_36H_FROM_DATED_RELEASE_DATE_START_AMERICA_NEW_YORK,MODERN_HTML_TABLE,SOURCE_VERSION_UNRESOLVED,INELIGIBLE_PILOT_SPARSE_REVISION_CHAIN,True,b80d1b893fc1a05b36fc8a5a70d35c4d289f2e85ea1d1c873dd8db37f195cc6a,0,,H6-M2-2020-02-01-2020-12-31-0,FIRST_SEEN_IN_SPARSE_PILOT,cb385bcdd7755e3fa635eac99c1e82a3222ab5bf83693bd122ec59f29c7320cc
FED_H6_ARCHIVE_M2,role5-pilot-20210223,role5-pilot-20210223-body,H6/M2SL,US_M2_MONEY_STOCK_SA,LIQUIDITY,MONEY_SUPPLY_BUNDLE,2020-02-01,2021-02-23,15459.7,15459.7,BILLIONS_OF_DOLLARS,MONTHLY_REFERENCE_VALUES_FROM_WEEKLY_OR_MONTHLY_RELEASE_SNAPSHOT,SEASONALLY_ADJUSTED,Feb. 2020,2021-02-23,2021-02-24T17:00:00Z,2021-02-25T01:00:00+08:00,J0_CONSERVATIVE_36H_FROM_DATED_RELEASE_DATE_START_AMERICA_NEW_YORK,MODERN_HTML_TABLE,SOURCE_VERSION_UNRESOLVED,INELIGIBLE_PILOT_SPARSE_REVISION_CHAIN,True,5569f47ffe6c051cb90442be16c5438cc65bd7cd2a42593c52ee65b37f25197f,1,H6-M2-2020-02-01-2020-12-31-0,H6-M2-2020-02-01-2021-02-23-1,LATER_SPARSE_PILOT_SNAPSHOT,5f550b1f03f1f7a074422d06d5d6d138bf805f6943dcd02ebe43b37ccdca5260
FED_H6_ARCHIVE_M2,role5-pilot-20210323,role5-pilot-20210323-body,H6/M2SL,US_M2_MONEY_STOCK_SA,LIQUIDITY,MONEY_SUPPLY_BUNDLE,2020-02-01,2021-03-23,15473.4,15473.4,BILLIONS_OF_DOLLARS,MONTHLY_REFERENCE_VALUES_FROM_WEEKLY_OR_MONTHLY_RELEASE_SNAPSHOT,SEASONALLY_ADJUSTED,Feb. 2020,2021-03-23,2021-03-24T16:00:00Z,2021-03-25T00:00:00+08:00,J0_CONSERVATIVE_36H_FROM_DATED_RELEASE_DATE_START_AMERICA_NEW_YORK,MODERN_HTML_TABLE,SOURCE_VERSION_UNRESOLVED,INELIGIBLE_PILOT_SPARSE_REVISION_CHAIN,True,7a0aed23579f2af4f7626f611f83fd2805f8e5d225574729c28bd1b884145ced,2,H6-M2-2020-02-01-2021-02-23-1,H6-M2-2020-02-01-2021-03-23-2,LATER_SPARSE_PILOT_SNAPSHOT,22508e20e5b066acdf3e6bbe506a68f2890e1656114b78c19b1189e28712f78a
FED_H6_ARCHIVE_M2,role5-pilot-20201231,role5-pilot-20201231-body,H6/M2SL,US_M2_MONEY_STOCK_SA,LIQUIDITY,MONEY_SUPPLY_BUNDLE,2020-03-01,2020-12-31,15989.9,15989.9,BILLIONS_OF_DOLLARS,MONTHLY_REFERENCE_VALUES_FROM_WEEKLY_OR_MONTHLY_RELEASE_SNAPSHOT,SEASONALLY_ADJUSTED,Mar. 2020,2020-12-31,2021-01-01T17:00:00Z,2021-01-02T01:00:00+08:00,J0_CONSERVATIVE_36H_FROM_DATED_RELEASE_DATE_START_AMERICA_NEW_YORK,MODERN_HTML_TABLE,SOURCE_VERSION_UNRESOLVED,INELIGIBLE_PILOT_SPARSE_REVISION_CHAIN,True,b80d1b893fc1a05b36fc8a5a70d35c4d289f2e85ea1d1c873dd8db37f195cc6a,0,,H6-M2-2020-03-01-2020-12-31-0,FIRST_SEEN_IN_SPARSE_PILOT,70affc68da5c2fbc0a4c11217705dec63645891ebcf609e11d1e9cb35ed646a8
FED_H6_ARCHIVE_M2,role5-pilot-20210223,role5-pilot-20210223-body,H6/M2SL,US_M2_MONEY_STOCK_SA,LIQUIDITY,MONEY_SUPPLY_BUNDLE,2020-03-01,2021-02-23,16002.4,16002.4,BILLIONS_OF_DOLLARS,MONTHLY_REFERENCE_VALUES_FROM_WEEKLY_OR_MONTHLY_RELEASE_SNAPSHOT,SEASONALLY_ADJUSTED,Mar. 2020,2021-02-23,2021-02-24T17:00:00Z,2021-02-25T01:00:00+08:00,J0_CONSERVATIVE_36H_FROM_DATED_RELEASE_DATE_START_AMERICA_NEW_YORK,MODERN_HTML_TABLE,SOURCE_VERSION_UNRESOLVED,INELIGIBLE_PILOT_SPARSE_REVISION_CHAIN,True,5569f47ffe6c051cb90442be16c5438cc65bd7cd2a42593c52ee65b37f25197f,1,H6-M2-2020-03-01-2020-12-31-0,H6-M2-2020-03-01-2021-02-23-1,LATER_SPARSE_PILOT_SNAPSHOT,eaea795e4d22a663697a0710300a0686c86d0f36f273204eaa622197d9b73857
FED_H6_ARCHIVE_M2,role5-pilot-20210323,role5-pilot-20210323-body,H6/M2SL,US_M2_MONEY_STOCK_SA,LIQUIDITY,MONEY_SUPPLY_BUNDLE,2020-03-01,2021-03-23,16014.3,16014.3,BILLIONS_OF_DOLLARS,MONTHLY_REFERENCE_VALUES_FROM_WEEKLY_OR_MONTHLY_RELEASE_SNAPSHOT,SEASONALLY_ADJUSTED,Mar. 2020,2021-03-23,2021-03-24T16:00:00Z,2021-03-25T00:00:00+08:00,J0_CONSERVATIVE_36H_FROM_DATED_RELEASE_DATE_START_AMERICA_NEW_YORK,MODERN_HTML_TABLE,SOURCE_VERSION_UNRESOLVED,INELIGIBLE_PILOT_SPARSE_REVISION_CHAIN,True,7a0aed23579f2af4f7626f611f83fd2805f8e5d225574729c28bd1b884145ced,2,H6-M2-2020-03-01-2021-02-23-1,H6-M2-2020-03-01-2021-03-23-2,LATER_SPARSE_PILOT_SNAPSHOT,d06a5d0614b3754c61e6be7083728e3716f0ee1360b54e03b47e70abd0e4e9d4
FED_H6_ARCHIVE_M2,role5-pilot-20201231,role5-pilot-20201231-body,H6/M2SL,US_M2_MONEY_STOCK_SA,LIQUIDITY,MONEY_SUPPLY_BUNDLE,2020-04-01,2020-12-31,17020.1,17020.1,BILLIONS_OF_DOLLARS,MONTHLY_REFERENCE_VALUES_FROM_WEEKLY_OR_MONTHLY_RELEASE_SNAPSHOT,SEASONALLY_ADJUSTED,Apr. 2020,2020-12-31,2021-01-01T17:00:00Z,2021-01-02T01:00:00+08:00,J0_CONSERVATIVE_36H_FROM_DATED_RELEASE_DATE_START_AMERICA_NEW_YORK,MODERN_HTML_TABLE,SOURCE_VERSION_UNRESOLVED,INELIGIBLE_PILOT_SPARSE_REVISION_CHAIN,True,b80d1b893fc1a05b36fc8a5a70d35c4d289f2e85ea1d1c873dd8db37f195cc6a,0,,H6-M2-2020-04-01-2020-12-31-0,FIRST_SEEN_IN_SPARSE_PILOT,58d3a4fe7519e31cea7ad54cf170cf38980e2ee613c5eef57b15238e2d472bfa
FED_H6_ARCHIVE_M2,role5-pilot-20210223,role5-pilot-20210223-body,H6/M2SL,US_M2_MONEY_STOCK_SA,LIQUIDITY,MONEY_SUPPLY_BUNDLE,2020-04-01,2021-02-23,17033.8,17033.8,BILLIONS_OF_DOLLARS,MONTHLY_REFERENCE_VALUES_FROM_WEEKLY_OR_MONTHLY_RELEASE_SNAPSHOT,SEASONALLY_ADJUSTED,Apr. 2020,2021-02-23,2021-02-24T17:00:00Z,2021-02-25T01:00:00+08:00,J0_CONSERVATIVE_36H_FROM_DATED_RELEASE_DATE_START_AMERICA_NEW_YORK,MODERN_HTML_TABLE,SOURCE_VERSION_UNRESOLVED,INELIGIBLE_PILOT_SPARSE_REVISION_CHAIN,True,5569f47ffe6c051cb90442be16c5438cc65bd7cd2a42593c52ee65b37f25197f,1,H6-M2-2020-04-01-2020-12-31-0,H6-M2-2020-04-01-2021-02-23-1,LATER_SPARSE_PILOT_SNAPSHOT,fb6e53a6d28e894dd9d06b32ab3c54e17da8ebceb9edb6a9cb719d190a994510
FED_H6_ARCHIVE_M2,role5-pilot-20210323,role5-pilot-20210323-body,H6/M2SL,US_M2_MONEY_STOCK_SA,LIQUIDITY,MONEY_SUPPLY_BUNDLE,2020-04-01,2021-03-23,17042.9,17042.9,BILLIONS_OF_DOLLARS,MONTHLY_REFERENCE_VALUES_FROM_WEEKLY_OR_MONTHLY_RELEASE_SNAPSHOT,SEASONALLY_ADJUSTED,Apr. 2020,2021-03-23,2021-03-24T16:00:00Z,2021-03-25T00:00:00+08:00,J0_CONSERVATIVE_36H_FROM_DATED_RELEASE_DATE_START_AMERICA_NEW_YORK,MODERN_HTML_TABLE,SOURCE_VERSION_UNRESOLVED,INELIGIBLE_PILOT_SPARSE_REVISION_CHAIN,True,7a0aed23579f2af4f7626f611f83fd2805f8e5d225574729c28bd1b884145ced,2,H6-M2-2020-04-01-2021-02-23-1,H6-M2-2020-04-01-2021-03-23-2,LATER_SPARSE_PILOT_SNAPSHOT,df4a845f5e3e917f7c6c81fc3519d7c193fac9cd895b1d3d10ac5f09aff5f7d3
FED_H6_ARCHIVE_M2,role5-pilot-20201231,role5-pilot-20201231-body,H6/M2SL,US_M2_MONEY_STOCK_SA,LIQUIDITY,MONEY_SUPPLY_BUNDLE,2020-05-01,2020-12-31,17868.6,17868.6,BILLIONS_OF_DOLLARS,MONTHLY_REFERENCE_VALUES_FROM_WEEKLY_OR_MONTHLY_RELEASE_SNAPSHOT,SEASONALLY_ADJUSTED,May 2020,2020-12-31,2021-01-01T17:00:00Z,2021-01-02T01:00:00+08:00,J0_CONSERVATIVE_36H_FROM_DATED_RELEASE_DATE_START_AMERICA_NEW_YORK,MODERN_HTML_TABLE,SOURCE_VERSION_UNRESOLVED,INELIGIBLE_PILOT_SPARSE_REVISION_CHAIN,True,b80d1b893fc1a05b36fc8a5a70d35c4d289f2e85ea1d1c873dd8db37f195cc6a,0,,H6-M2-2020-05-01-2020-12-31-0,FIRST_SEEN_IN_SPARSE_PILOT,507f0f8b43ed9223d71aecd1abe3c93dbe3eec6a31786073c66740d3c15eeaf9
FED_H6_ARCHIVE_M2,role5-pilot-20210223,role5-pilot-20210223-body,H6/M2SL,US_M2_MONEY_STOCK_SA,LIQUIDITY,MONEY_SUPPLY_BUNDLE,2020-05-01,2021-02-23,17883.2,17883.2,BILLIONS_OF_DOLLARS,MONTHLY_REFERENCE_VALUES_FROM_WEEKLY_OR_MONTHLY_RELEASE_SNAPSHOT,SEASONALLY_ADJUSTED,May 2020,2021-02-23,2021-02-24T17:00:00Z,2021-02-25T01:00:00+08:00,J0_CONSERVATIVE_36H_FROM_DATED_RELEASE_DATE_START_AMERICA_NEW_YORK,MODERN_HTML_TABLE,SOURCE_VERSION_UNRESOLVED,INELIGIBLE_PILOT_SPARSE_REVISION_CHAIN,True,5569f47ffe6c051cb90442be16c5438cc65bd7cd2a42593c52ee65b37f25197f,1,H6-M2-2020-05-01-2020-12-31-0,H6-M2-2020-05-01-2021-02-23-1,LATER_SPARSE_PILOT_SNAPSHOT,1b9abd4c67728b5c16a07e7c6de48af1881b66642cbba20067e80433f3a9bba2
FED_H6_ARCHIVE_M2,role5-pilot-20210323,role5-pilot-20210323-body,H6/M2SL,US_M2_MONEY_STOCK_SA,LIQUIDITY,MONEY_SUPPLY_BUNDLE,2020-05-01,2021-03-23,17893.0,17893.0,BILLIONS_OF_DOLLARS,MONTHLY_REFERENCE_VALUES_FROM_WEEKLY_OR_MONTHLY_RELEASE_SNAPSHOT,SEASONALLY_ADJUSTED,May 2020,2021-03-23,2021-03-24T16:00:00Z,2021-03-25T00:00:00+08:00,J0_CONSERVATIVE_36H_FROM_DATED_RELEASE_DATE_START_AMERICA_NEW_YORK,MODERN_HTML_TABLE,SOURCE_VERSION_UNRESOLVED,INELIGIBLE_PILOT_SPARSE_REVISION_CHAIN,True,7a0aed23579f2af4f7626f611f83fd2805f8e5d225574729c28bd1b884145ced,2,H6-M2-2020-05-01-2021-02-23-1,H6-M2-2020-05-01-2021-03-23-2,LATER_SPARSE_PILOT_SNAPSHOT,87ad109445dbd5c3a53c47c9fce38ed3df41f656b3fbf2ce4c3ad4fc9c4e520a
FED_H6_ARCHIVE_M2,role5-pilot-20201231,role5-pilot-20201231-body,H6/M2SL,US_M2_MONEY_STOCK_SA,LIQUIDITY,MONEY_SUPPLY_BUNDLE,2020-06-01,2020-12-31,18164.1,18164.1,BILLIONS_OF_DOLLARS,MONTHLY_REFERENCE_VALUES_FROM_WEEKLY_OR_MONTHLY_RELEASE_SNAPSHOT,SEASONALLY_ADJUSTED,June 2020,2020-12-31,2021-01-01T17:00:00Z,2021-01-02T01:00:00+08:00,J0_CONSERVATIVE_36H_FROM_DATED_RELEASE_DATE_START_AMERICA_NEW_YORK,MODERN_HTML_TABLE,SOURCE_VERSION_UNRESOLVED,INELIGIBLE_PILOT_SPARSE_REVISION_CHAIN,True,b80d1b893fc1a05b36fc8a5a70d35c4d289f2e85ea1d1c873dd8db37f195cc6a,0,,H6-M2-2020-06-01-2020-12-31-0,FIRST_SEEN_IN_SPARSE_PILOT,375007c0d05c175c591020e7a00249e4b4cb815913b0a29ca67fbe381a50b409
FED_H6_ARCHIVE_M2,role5-pilot-20210223,role5-pilot-20210223-body,H6/M2SL,US_M2_MONEY_STOCK_SA,LIQUIDITY,MONEY_SUPPLY_BUNDLE,2020-06-01,2021-02-23,18179.0,18179.0,BILLIONS_OF_DOLLARS,MONTHLY_REFERENCE_VALUES_FROM_WEEKLY_OR_MONTHLY_RELEASE_SNAPSHOT,SEASONALLY_ADJUSTED,June 2020,2021-02-23,2021-02-24T17:00:00Z,2021-02-25T01:00:00+08:00,J0_CONSERVATIVE_36H_FROM_DATED_RELEASE_DATE_START_AMERICA_NEW_YORK,MODERN_HTML_TABLE,SOURCE_VERSION_UNRESOLVED,INELIGIBLE_PILOT_SPARSE_REVISION_CHAIN,True,5569f47ffe6c051cb90442be16c5438cc65bd7cd2a42593c52ee65b37f25197f,1,H6-M2-2020-06-01-2020-12-31-0,H6-M2-2020-06-01-2021-02-23-1,LATER_SPARSE_PILOT_SNAPSHOT,3cc6a51e0a97d66249a4544404b181414dd0412f6b95d3a7715dc6f91741f71e
FED_H6_ARCHIVE_M2,role5-pilot-20210323,role5-pilot-20210323-body,H6/M2SL,US_M2_MONEY_STOCK_SA,LIQUIDITY,MONEY_SUPPLY_BUNDLE,2020-06-01,2021-03-23,18179.8,18179.8,BILLIONS_OF_DOLLARS,MONTHLY_REFERENCE_VALUES_FROM_WEEKLY_OR_MONTHLY_RELEASE_SNAPSHOT,SEASONALLY_ADJUSTED,June 2020,2021-03-23,2021-03-24T16:00:00Z,2021-03-25T00:00:00+08:00,J0_CONSERVATIVE_36H_FROM_DATED_RELEASE_DATE_START_AMERICA_NEW_YORK,MODERN_HTML_TABLE,SOURCE_VERSION_UNRESOLVED,INELIGIBLE_PILOT_SPARSE_REVISION_CHAIN,True,7a0aed23579f2af4f7626f611f83fd2805f8e5d225574729c28bd1b884145ced,2,H6-M2-2020-06-01-2021-02-23-1,H6-M2-2020-06-01-2021-03-23-2,LATER_SPARSE_PILOT_SNAPSHOT,846f895e3f5d06a5df6f987d010cb88589781bee5a7721f24d717a63e59ad536
FED_H6_ARCHIVE_M2,role5-pilot-20201231,role5-pilot-20201231-body,H6/M2SL,US_M2_MONEY_STOCK_SA,LIQUIDITY,MONEY_SUPPLY_BUNDLE,2020-07-01,2020-12-31,18322.3,18322.3,BILLIONS_OF_DOLLARS,MONTHLY_REFERENCE_VALUES_FROM_WEEKLY_OR_MONTHLY_RELEASE_SNAPSHOT,SEASONALLY_ADJUSTED,July 2020,2020-12-31,2021-01-01T17:00:00Z,2021-01-02T01:00:00+08:00,J0_CONSERVATIVE_36H_FROM_DATED_RELEASE_DATE_START_AMERICA_NEW_YORK,MODERN_HTML_TABLE,SOURCE_VERSION_UNRESOLVED,INELIGIBLE_PILOT_SPARSE_REVISION_CHAIN,True,b80d1b893fc1a05b36fc8a5a70d35c4d289f2e85ea1d1c873dd8db37f195cc6a,0,,H6-M2-2020-07-01-2020-12-31-0,FIRST_SEEN_IN_SPARSE_PILOT,102b61105d31dac089d3be1586e7d5efedf1cb62a86ad57fc6510fcba467a20b
FED_H6_ARCHIVE_M2,role5-pilot-20210223,role5-pilot-20210223-body,H6/M2SL,US_M2_MONEY_STOCK_SA,LIQUIDITY,MONEY_SUPPLY_BUNDLE,2020-07-01,2021-02-23,18328.8,18328.8,BILLIONS_OF_DOLLARS,MONTHLY_REFERENCE_VALUES_FROM_WEEKLY_OR_MONTHLY_RELEASE_SNAPSHOT,SEASONALLY_ADJUSTED,July 2020,2021-02-23,2021-02-24T17:00:00Z,2021-02-25T01:00:00+08:00,J0_CONSERVATIVE_36H_FROM_DATED_RELEASE_DATE_START_AMERICA_NEW_YORK,MODERN_HTML_TABLE,SOURCE_VERSION_UNRESOLVED,INELIGIBLE_PILOT_SPARSE_REVISION_CHAIN,True,5569f47ffe6c051cb90442be16c5438cc65bd7cd2a42593c52ee65b37f25197f,1,H6-M2-2020-07-01-2020-12-31-0,H6-M2-2020-07-01-2021-02-23-1,LATER_SPARSE_PILOT_SNAPSHOT,20cf998ea679a43cec61bc79df1bef9ef3f69c10a8a646ed197d82fd7e57bfd7
FED_H6_ARCHIVE_M2,role5-pilot-20210323,role5-pilot-20210323-body,H6/M2SL,US_M2_MONEY_STOCK_SA,LIQUIDITY,MONEY_SUPPLY_BUNDLE,2020-07-01,2021-03-23,18321.5,18321.5,BILLIONS_OF_DOLLARS,MONTHLY_REFERENCE_VALUES_FROM_WEEKLY_OR_MONTHLY_RELEASE_SNAPSHOT,SEASONALLY_ADJUSTED,July 2020,2021-03-23,2021-03-24T16:00:00Z,2021-03-25T00:00:00+08:00,J0_CONSERVATIVE_36H_FROM_DATED_RELEASE_DATE_START_AMERICA_NEW_YORK,MODERN_HTML_TABLE,SOURCE_VERSION_UNRESOLVED,INELIGIBLE_PILOT_SPARSE_REVISION_CHAIN,True,7a0aed23579f2af4f7626f611f83fd2805f8e5d225574729c28bd1b884145ced,2,H6-M2-2020-07-01-2021-02-23-1,H6-M2-2020-07-01-2021-03-23-2,LATER_SPARSE_PILOT_SNAPSHOT,c599220478c2c77312fc94b1d18efeced92ad727a6822fe8725ebc83de782c15
FED_H6_ARCHIVE_M2,role5-pilot-20201231,role5-pilot-20201231-body,H6/M2SL,US_M2_MONEY_STOCK_SA,LIQUIDITY,MONEY_SUPPLY_BUNDLE,2020-08-01,2020-12-31,18404.0,18404.0,BILLIONS_OF_DOLLARS,MONTHLY_REFERENCE_VALUES_FROM_WEEKLY_OR_MONTHLY_RELEASE_SNAPSHOT,SEASONALLY_ADJUSTED,Aug. 2020,2020-12-31,2021-01-01T17:00:00Z,2021-01-02T01:00:00+08:00,J0_CONSERVATIVE_36H_FROM_DATED_RELEASE_DATE_START_AMERICA_NEW_YORK,MODERN_HTML_TABLE,SOURCE_VERSION_UNRESOLVED,INELIGIBLE_PILOT_SPARSE_REVISION_CHAIN,True,b80d1b893fc1a05b36fc8a5a70d35c4d289f2e85ea1d1c873dd8db37f195cc6a,0,,H6-M2-2020-08-01-2020-12-31-0,FIRST_SEEN_IN_SPARSE_PILOT,72d5783f5324262bb3472a7de0c0dbdc948a20cfb9f1c600c76029b42240f3e3
FED_H6_ARCHIVE_M2,role5-pilot-20210223,role5-pilot-20210223-body,H6/M2SL,US_M2_MONEY_STOCK_SA,LIQUIDITY,MONEY_SUPPLY_BUNDLE,2020-08-01,2021-02-23,18392.4,18392.4,BILLIONS_OF_DOLLARS,MONTHLY_REFERENCE_VALUES_FROM_WEEKLY_OR_MONTHLY_RELEASE_SNAPSHOT,SEASONALLY_ADJUSTED,Aug. 2020,2021-02-23,2021-02-24T17:00:00Z,2021-02-25T01:00:00+08:00,J0_CONSERVATIVE_36H_FROM_DATED_RELEASE_DATE_START_AMERICA_NEW_YORK,MODERN_HTML_TABLE,SOURCE_VERSION_UNRESOLVED,INELIGIBLE_PILOT_SPARSE_REVISION_CHAIN,True,5569f47ffe6c051cb90442be16c5438cc65bd7cd2a42593c52ee65b37f25197f,1,H6-M2-2020-08-01-2020-12-31-0,H6-M2-2020-08-01-2021-02-23-1,LATER_SPARSE_PILOT_SNAPSHOT,6b42983312c77d43a3fa3ea823f4acfa9aceb2e0c2e6789bb04bdbfbaf3d8138
FED_H6_ARCHIVE_M2,role5-pilot-20210323,role5-pilot-20210323-body,H6/M2SL,US_M2_MONEY_STOCK_SA,LIQUIDITY,MONEY_SUPPLY_BUNDLE,2020-08-01,2021-03-23,18384.8,18384.8,BILLIONS_OF_DOLLARS,MONTHLY_REFERENCE_VALUES_FROM_WEEKLY_OR_MONTHLY_RELEASE_SNAPSHOT,SEASONALLY_ADJUSTED,Aug. 2020,2021-03-23,2021-03-24T16:00:00Z,2021-03-25T00:00:00+08:00,J0_CONSERVATIVE_36H_FROM_DATED_RELEASE_DATE_START_AMERICA_NEW_YORK,MODERN_HTML_TABLE,SOURCE_VERSION_UNRESOLVED,INELIGIBLE_PILOT_SPARSE_REVISION_CHAIN,True,7a0aed23579f2af4f7626f611f83fd2805f8e5d225574729c28bd1b884145ced,2,H6-M2-2020-08-01-2021-02-23-1,H6-M2-2020-08-01-2021-03-23-2,LATER_SPARSE_PILOT_SNAPSHOT,0f976c484566f5685d9c9d5101fd5ea0ecd7070e6762a0f1358b3b39129c7c68
FED_H6_ARCHIVE_M2,role5-pilot-20201231,role5-pilot-20201231-body,H6/M2SL,US_M2_MONEY_STOCK_SA,LIQUIDITY,MONEY_SUPPLY_BUNDLE,2020-09-01,2020-12-31,18648.3,18648.3,BILLIONS_OF_DOLLARS,MONTHLY_REFERENCE_VALUES_FROM_WEEKLY_OR_MONTHLY_RELEASE_SNAPSHOT,SEASONALLY_ADJUSTED,Sept. 2020,2020-12-31,2021-01-01T17:00:00Z,2021-01-02T01:00:00+08:00,J0_CONSERVATIVE_36H_FROM_DATED_RELEASE_DATE_START_AMERICA_NEW_YORK,MODERN_HTML_TABLE,SOURCE_VERSION_UNRESOLVED,INELIGIBLE_PILOT_SPARSE_REVISION_CHAIN,True,b80d1b893fc1a05b36fc8a5a70d35c4d289f2e85ea1d1c873dd8db37f195cc6a,0,,H6-M2-2020-09-01-2020-12-31-0,FIRST_SEEN_IN_SPARSE_PILOT,394fa531b917e6fba96a96bf59e4392c2782f67ae41e0c1aafcb47f03838922b
FED_H6_ARCHIVE_M2,role5-pilot-20210223,role5-pilot-20210223-body,H6/M2SL,US_M2_MONEY_STOCK_SA,LIQUIDITY,MONEY_SUPPLY_BUNDLE,2020-09-01,2021-02-23,18618.0,18618.0,BILLIONS_OF_DOLLARS,MONTHLY_REFERENCE_VALUES_FROM_WEEKLY_OR_MONTHLY_RELEASE_SNAPSHOT,SEASONALLY_ADJUSTED,Sept. 2020,2021-02-23,2021-02-24T17:00:00Z,2021-02-25T01:00:00+08:00,J0_CONSERVATIVE_36H_FROM_DATED_RELEASE_DATE_START_AMERICA_NEW_YORK,MODERN_HTML_TABLE,SOURCE_VERSION_UNRESOLVED,INELIGIBLE_PILOT_SPARSE_REVISION_CHAIN,True,5569f47ffe6c051cb90442be16c5438cc65bd7cd2a42593c52ee65b37f25197f,1,H6-M2-2020-09-01-2020-12-31-0,H6-M2-2020-09-01-2021-02-23-1,LATER_SPARSE_PILOT_SNAPSHOT,a52d755f7a84985cb11b5a7c3c76ac2be03c9e63d321149e080a01cb8c9dda66
FED_H6_ARCHIVE_M2,role5-pilot-20210323,role5-pilot-20210323-body,H6/M2SL,US_M2_MONEY_STOCK_SA,LIQUIDITY,MONEY_SUPPLY_BUNDLE,2020-09-01,2021-03-23,18609.6,18609.6,BILLIONS_OF_DOLLARS,MONTHLY_REFERENCE_VALUES_FROM_WEEKLY_OR_MONTHLY_RELEASE_SNAPSHOT,SEASONALLY_ADJUSTED,Sept. 2020,2021-03-23,2021-03-24T16:00:00Z,2021-03-25T00:00:00+08:00,J0_CONSERVATIVE_36H_FROM_DATED_RELEASE_DATE_START_AMERICA_NEW_YORK,MODERN_HTML_TABLE,SOURCE_VERSION_UNRESOLVED,INELIGIBLE_PILOT_SPARSE_REVISION_CHAIN,True,7a0aed23579f2af4f7626f611f83fd2805f8e5d225574729c28bd1b884145ced,2,H6-M2-2020-09-01-2021-02-23-1,H6-M2-2020-09-01-2021-03-23-2,LATER_SPARSE_PILOT_SNAPSHOT,c1e50d1f1ffee081e76d477c526ad5212a4efb4a740b81b9f8308cfd1d9be250
FED_H6_ARCHIVE_M2,role5-pilot-20201231,role5-pilot-20201231-body,H6/M2SL,US_M2_MONEY_STOCK_SA,LIQUIDITY,MONEY_SUPPLY_BUNDLE,2020-10-01,2020-12-31,18812.1,18812.1,BILLIONS_OF_DOLLARS,MONTHLY_REFERENCE_VALUES_FROM_WEEKLY_OR_MONTHLY_RELEASE_SNAPSHOT,SEASONALLY_ADJUSTED,Oct. 2020,2020-12-31,2021-01-01T17:00:00Z,2021-01-02T01:00:00+08:00,J0_CONSERVATIVE_36H_FROM_DATED_RELEASE_DATE_START_AMERICA_NEW_YORK,MODERN_HTML_TABLE,SOURCE_VERSION_UNRESOLVED,INELIGIBLE_PILOT_SPARSE_REVISION_CHAIN,True,b80d1b893fc1a05b36fc8a5a70d35c4d289f2e85ea1d1c873dd8db37f195cc6a,0,,H6-M2-2020-10-01-2020-12-31-0,FIRST_SEEN_IN_SPARSE_PILOT,6e7cf17cc782d0805ae74973c49bc8703eb65b3629f5a0e3c0a77735f91c625f
FED_H6_ARCHIVE_M2,role5-pilot-20210223,role5-pilot-20210223-body,H6/M2SL,US_M2_MONEY_STOCK_SA,LIQUIDITY,MONEY_SUPPLY_BUNDLE,2020-10-01,2021-02-23,18754.6,18754.6,BILLIONS_OF_DOLLARS,MONTHLY_REFERENCE_VALUES_FROM_WEEKLY_OR_MONTHLY_RELEASE_SNAPSHOT,SEASONALLY_ADJUSTED,Oct. 2020,2021-02-23,2021-02-24T17:00:00Z,2021-02-25T01:00:00+08:00,J0_CONSERVATIVE_36H_FROM_DATED_RELEASE_DATE_START_AMERICA_NEW_YORK,MODERN_HTML_TABLE,SOURCE_VERSION_UNRESOLVED,INELIGIBLE_PILOT_SPARSE_REVISION_CHAIN,True,5569f47ffe6c051cb90442be16c5438cc65bd7cd2a42593c52ee65b37f25197f,1,H6-M2-2020-10-01-2020-12-31-0,H6-M2-2020-10-01-2021-02-23-1,LATER_SPARSE_PILOT_SNAPSHOT,c4e154ec27c05b6f8e6dd5e8b488d0812b757741eb3123946b2e94c3ddd4f5c0
FED_H6_ARCHIVE_M2,role5-pilot-20210323,role5-pilot-20210323-body,H6/M2SL,US_M2_MONEY_STOCK_SA,LIQUIDITY,MONEY_SUPPLY_BUNDLE,2020-10-01,2021-03-23,18759.3,18759.3,BILLIONS_OF_DOLLARS,MONTHLY_REFERENCE_VALUES_FROM_WEEKLY_OR_MONTHLY_RELEASE_SNAPSHOT,SEASONALLY_ADJUSTED,Oct. 2020,2021-03-23,2021-03-24T16:00:00Z,2021-03-25T00:00:00+08:00,J0_CONSERVATIVE_36H_FROM_DATED_RELEASE_DATE_START_AMERICA_NEW_YORK,MODERN_HTML_TABLE,SOURCE_VERSION_UNRESOLVED,INELIGIBLE_PILOT_SPARSE_REVISION_CHAIN,True,7a0aed23579f2af4f7626f611f83fd2805f8e5d225574729c28bd1b884145ced,2,H6-M2-2020-10-01-2021-02-23-1,H6-M2-2020-10-01-2021-03-23-2,LATER_SPARSE_PILOT_SNAPSHOT,a1696a2ef2f682e3186d95eab980ef41961f88771dd7a3ff9b9b47fe28bcdcf1
FED_H6_ARCHIVE_M2,role5-pilot-20201231,role5-pilot-20201231-body,H6/M2SL,US_M2_MONEY_STOCK_SA,LIQUIDITY,MONEY_SUPPLY_BUNDLE,2020-11-01,2020-12-31,19085.8,19085.8,BILLIONS_OF_DOLLARS,MONTHLY_REFERENCE_VALUES_FROM_WEEKLY_OR_MONTHLY_RELEASE_SNAPSHOT,SEASONALLY_ADJUSTED,Nov. 2020,2020-12-31,2021-01-01T17:00:00Z,2021-01-02T01:00:00+08:00,J0_CONSERVATIVE_36H_FROM_DATED_RELEASE_DATE_START_AMERICA_NEW_YORK,MODERN_HTML_TABLE,SOURCE_VERSION_UNRESOLVED,INELIGIBLE_PILOT_SPARSE_REVISION_CHAIN,True,b80d1b893fc1a05b36fc8a5a70d35c4d289f2e85ea1d1c873dd8db37f195cc6a,0,,H6-M2-2020-11-01-2020-12-31-0,FIRST_SEEN_IN_SPARSE_PILOT,73f2efc69d3986d3b629a64692d79e21c85c987f9c845af6c093d87ade57334b
FED_H6_ARCHIVE_M2,role5-pilot-20210223,role5-pilot-20210223-body,H6/M2SL,US_M2_MONEY_STOCK_SA,LIQUIDITY,MONEY_SUPPLY_BUNDLE,2020-11-01,2021-02-23,19005.5,19005.5,BILLIONS_OF_DOLLARS,MONTHLY_REFERENCE_VALUES_FROM_WEEKLY_OR_MONTHLY_RELEASE_SNAPSHOT,SEASONALLY_ADJUSTED,Nov. 2020,2021-02-23,2021-02-24T17:00:00Z,2021-02-25T01:00:00+08:00,J0_CONSERVATIVE_36H_FROM_DATED_RELEASE_DATE_START_AMERICA_NEW_YORK,MODERN_HTML_TABLE,SOURCE_VERSION_UNRESOLVED,INELIGIBLE_PILOT_SPARSE_REVISION_CHAIN,True,5569f47ffe6c051cb90442be16c5438cc65bd7cd2a42593c52ee65b37f25197f,1,H6-M2-2020-11-01-2020-12-31-0,H6-M2-2020-11-01-2021-02-23-1,LATER_SPARSE_PILOT_SNAPSHOT,70a0198d0fd7320719be0acf975fd4ec384df68d7ab3aa181849a67a9b6c4a75
FED_H6_ARCHIVE_M2,role5-pilot-20210323,role5-pilot-20210323-body,H6/M2SL,US_M2_MONEY_STOCK_SA,LIQUIDITY,MONEY_SUPPLY_BUNDLE,2020-11-01,2021-03-23,18974.4,18974.4,BILLIONS_OF_DOLLARS,MONTHLY_REFERENCE_VALUES_FROM_WEEKLY_OR_MONTHLY_RELEASE_SNAPSHOT,SEASONALLY_ADJUSTED,Nov. 2020,2021-03-23,2021-03-24T16:00:00Z,2021-03-25T00:00:00+08:00,J0_CONSERVATIVE_36H_FROM_DATED_RELEASE_DATE_START_AMERICA_NEW_YORK,MODERN_HTML_TABLE,SOURCE_VERSION_UNRESOLVED,INELIGIBLE_PILOT_SPARSE_REVISION_CHAIN,True,7a0aed23579f2af4f7626f611f83fd2805f8e5d225574729c28bd1b884145ced,2,H6-M2-2020-11-01-2021-02-23-1,H6-M2-2020-11-01-2021-03-23-2,LATER_SPARSE_PILOT_SNAPSHOT,7138429b39a94857c0de8768fb562c344aac6884522b23e7989bd86a239792e1
FED_H6_ARCHIVE_M2,role5-pilot-20210223,role5-pilot-20210223-body,H6/M2SL,US_M2_MONEY_STOCK_SA,LIQUIDITY,MONEY_SUPPLY_BUNDLE,2020-12-01,2021-02-23,19088.8,19088.8,BILLIONS_OF_DOLLARS,MONTHLY_REFERENCE_VALUES_FROM_WEEKLY_OR_MONTHLY_RELEASE_SNAPSHOT,SEASONALLY_ADJUSTED,Dec. 2020,2021-02-23,2021-02-24T17:00:00Z,2021-02-25T01:00:00+08:00,J0_CONSERVATIVE_36H_FROM_DATED_RELEASE_DATE_START_AMERICA_NEW_YORK,MODERN_HTML_TABLE,SOURCE_VERSION_UNRESOLVED,INELIGIBLE_PILOT_SPARSE_REVISION_CHAIN,True,5569f47ffe6c051cb90442be16c5438cc65bd7cd2a42593c52ee65b37f25197f,0,,H6-M2-2020-12-01-2021-02-23-0,FIRST_SEEN_IN_SPARSE_PILOT,dffb3cf94cd968f48a00901c4e5704cd4ed15449c5294d3bbf651c789a14842f
FED_H6_ARCHIVE_M2,role5-pilot-20210323,role5-pilot-20210323-body,H6/M2SL,US_M2_MONEY_STOCK_SA,LIQUIDITY,MONEY_SUPPLY_BUNDLE,2020-12-01,2021-03-23,19145.8,19145.8,BILLIONS_OF_DOLLARS,MONTHLY_REFERENCE_VALUES_FROM_WEEKLY_OR_MONTHLY_RELEASE_SNAPSHOT,SEASONALLY_ADJUSTED,Dec. 2020,2021-03-23,2021-03-24T16:00:00Z,2021-03-25T00:00:00+08:00,J0_CONSERVATIVE_36H_FROM_DATED_RELEASE_DATE_START_AMERICA_NEW_YORK,MODERN_HTML_TABLE,SOURCE_VERSION_UNRESOLVED,INELIGIBLE_PILOT_SPARSE_REVISION_CHAIN,True,7a0aed23579f2af4f7626f611f83fd2805f8e5d225574729c28bd1b884145ced,1,H6-M2-2020-12-01-2021-02-23-0,H6-M2-2020-12-01-2021-03-23-1,LATER_SPARSE_PILOT_SNAPSHOT,8f439bf9e4c77eb0ab84e9265a9371575393badb03e120c03404138e3b1289a0
FED_H6_ARCHIVE_M2,role5-pilot-20210223,role5-pilot-20210223-body,H6/M2SL,US_M2_MONEY_STOCK_SA,LIQUIDITY,MONEY_SUPPLY_BUNDLE,2021-01-01,2021-02-23,19394.6,19394.6,BILLIONS_OF_DOLLARS,MONTHLY_REFERENCE_VALUES_FROM_WEEKLY_OR_MONTHLY_RELEASE_SNAPSHOT,SEASONALLY_ADJUSTED,Jan. 2021,2021-02-23,2021-02-24T17:00:00Z,2021-02-25T01:00:00+08:00,J0_CONSERVATIVE_36H_FROM_DATED_RELEASE_DATE_START_AMERICA_NEW_YORK,MODERN_HTML_TABLE,SOURCE_VERSION_UNRESOLVED,INELIGIBLE_PILOT_SPARSE_REVISION_CHAIN,True,5569f47ffe6c051cb90442be16c5438cc65bd7cd2a42593c52ee65b37f25197f,0,,H6-M2-2021-01-01-2021-02-23-0,FIRST_SEEN_IN_SPARSE_PILOT,2867a1b5621405a7d070502554be1fdc8d436490283c7a4bb75be2af17ebd827
FED_H6_ARCHIVE_M2,role5-pilot-20210323,role5-pilot-20210323-body,H6/M2SL,US_M2_MONEY_STOCK_SA,LIQUIDITY,MONEY_SUPPLY_BUNDLE,2021-01-01,2021-03-23,19400.1,19400.1,BILLIONS_OF_DOLLARS,MONTHLY_REFERENCE_VALUES_FROM_WEEKLY_OR_MONTHLY_RELEASE_SNAPSHOT,SEASONALLY_ADJUSTED,Jan. 2021,2021-03-23,2021-03-24T16:00:00Z,2021-03-25T00:00:00+08:00,J0_CONSERVATIVE_36H_FROM_DATED_RELEASE_DATE_START_AMERICA_NEW_YORK,MODERN_HTML_TABLE,SOURCE_VERSION_UNRESOLVED,INELIGIBLE_PILOT_SPARSE_REVISION_CHAIN,True,7a0aed23579f2af4f7626f611f83fd2805f8e5d225574729c28bd1b884145ced,1,H6-M2-2021-01-01-2021-02-23-0,H6-M2-2021-01-01-2021-03-23-1,LATER_SPARSE_PILOT_SNAPSHOT,b2c7ca1cdd746e65f1fafb0ed1428507328e2b870ca104dc38b0351140e11024
FED_H6_ARCHIVE_M2,role5-pilot-20210323,role5-pilot-20210323-body,H6/M2SL,US_M2_MONEY_STOCK_SA,LIQUIDITY,MONEY_SUPPLY_BUNDLE,2021-02-01,2021-03-23,19669.8,19669.8,BILLIONS_OF_DOLLARS,MONTHLY_REFERENCE_VALUES_FROM_WEEKLY_OR_MONTHLY_RELEASE_SNAPSHOT,SEASONALLY_ADJUSTED,Feb. 2021,2021-03-23,2021-03-24T16:00:00Z,2021-03-25T00:00:00+08:00,J0_CONSERVATIVE_36H_FROM_DATED_RELEASE_DATE_START_AMERICA_NEW_YORK,MODERN_HTML_TABLE,SOURCE_VERSION_UNRESOLVED,INELIGIBLE_PILOT_SPARSE_REVISION_CHAIN,True,7a0aed23579f2af4f7626f611f83fd2805f8e5d225574729c28bd1b884145ced,0,,H6-M2-2021-02-01-2021-03-23-0,FIRST_SEEN_IN_SPARSE_PILOT,0c2d8dc438865d114b806189bdb66d53990ffc8374de23cad71544fec489ea26
FED_H6_ARCHIVE_M2,role5-pilot-20260623,role5-pilot-20260623-body,H6/M2SL,US_M2_MONEY_STOCK_SA,LIQUIDITY,MONEY_SUPPLY_BUNDLE,2025-01-01,2026-06-23,21548.1,21548.1,BILLIONS_OF_DOLLARS,MONTHLY_REFERENCE_VALUES_FROM_WEEKLY_OR_MONTHLY_RELEASE_SNAPSHOT,SEASONALLY_ADJUSTED,Jan. 2025,2026-06-23,2026-06-24T16:00:00Z,2026-06-25T00:00:00+08:00,J0_CONSERVATIVE_36H_FROM_DATED_RELEASE_DATE_START_AMERICA_NEW_YORK,MODERN_HTML_TABLE,SOURCE_VERSION_UNRESOLVED,INELIGIBLE_PILOT_SPARSE_REVISION_CHAIN,True,8c98919ea8fb60ccd82a366b8332e7bc2bcab18f79018b7662619aff4e5895f1,0,,H6-M2-2025-01-01-2026-06-23-0,FIRST_SEEN_IN_SPARSE_PILOT,7709bc137061bf91e2cd1d04fa9e2dc62d4cb617b1c430d846fb61f8c641133c
FED_H6_ARCHIVE_M2,role5-pilot-20260623,role5-pilot-20260623-body,H6/M2SL,US_M2_MONEY_STOCK_SA,LIQUIDITY,MONEY_SUPPLY_BUNDLE,2025-02-01,2026-06-23,21613.4,21613.4,BILLIONS_OF_DOLLARS,MONTHLY_REFERENCE_VALUES_FROM_WEEKLY_OR_MONTHLY_RELEASE_SNAPSHOT,SEASONALLY_ADJUSTED,Feb. 2025,2026-06-23,2026-06-24T16:00:00Z,2026-06-25T00:00:00+08:00,J0_CONSERVATIVE_36H_FROM_DATED_RELEASE_DATE_START_AMERICA_NEW_YORK,MODERN_HTML_TABLE,SOURCE_VERSION_UNRESOLVED,INELIGIBLE_PILOT_SPARSE_REVISION_CHAIN,True,8c98919ea8fb60ccd82a366b8332e7bc2bcab18f79018b7662619aff4e5895f1,0,,H6-M2-2025-02-01-2026-06-23-0,FIRST_SEEN_IN_SPARSE_PILOT,52e911e319bab5a2a4f3d44188ba9e96ee4aec988f80ba099b4b4177b14c7a8d
FED_H6_ARCHIVE_M2,role5-pilot-20260623,role5-pilot-20260623-body,H6/M2SL,US_M2_MONEY_STOCK_SA,LIQUIDITY,MONEY_SUPPLY_BUNDLE,2025-03-01,2026-06-23,21693.6,21693.6,BILLIONS_OF_DOLLARS,MONTHLY_REFERENCE_VALUES_FROM_WEEKLY_OR_MONTHLY_RELEASE_SNAPSHOT,SEASONALLY_ADJUSTED,Mar. 2025,2026-06-23,2026-06-24T16:00:00Z,2026-06-25T00:00:00+08:00,J0_CONSERVATIVE_36H_FROM_DATED_RELEASE_DATE_START_AMERICA_NEW_YORK,MODERN_HTML_TABLE,SOURCE_VERSION_UNRESOLVED,INELIGIBLE_PILOT_SPARSE_REVISION_CHAIN,True,8c98919ea8fb60ccd82a366b8332e7bc2bcab18f79018b7662619aff4e5895f1,0,,H6-M2-2025-03-01-2026-06-23-0,FIRST_SEEN_IN_SPARSE_PILOT,4762ca85c7afb7f8535b11b3f284ab1c992d56531ba3c2b282cc1eba1eea8eaa
FED_H6_ARCHIVE_M2,role5-pilot-20260623,role5-pilot-20260623-body,H6/M2SL,US_M2_MONEY_STOCK_SA,LIQUIDITY,MONEY_SUPPLY_BUNDLE,2025-04-01,2026-06-23,21775.8,21775.8,BILLIONS_OF_DOLLARS,MONTHLY_REFERENCE_VALUES_FROM_WEEKLY_OR_MONTHLY_RELEASE_SNAPSHOT,SEASONALLY_ADJUSTED,Apr. 2025,2026-06-23,2026-06-24T16:00:00Z,2026-06-25T00:00:00+08:00,J0_CONSERVATIVE_36H_FROM_DATED_RELEASE_DATE_START_AMERICA_NEW_YORK,MODERN_HTML_TABLE,SOURCE_VERSION_UNRESOLVED,INELIGIBLE_PILOT_SPARSE_REVISION_CHAIN,True,8c98919ea8fb60ccd82a366b8332e7bc2bcab18f79018b7662619aff4e5895f1,0,,H6-M2-2025-04-01-2026-06-23-0,FIRST_SEEN_IN_SPARSE_PILOT,d16f8a8d6a6cf7c5a633c5161d63c5c72d14cb8c85f67cbd2d37b8e87b5746d3
FED_H6_ARCHIVE_M2,role5-pilot-20260623,role5-pilot-20260623-body,H6/M2SL,US_M2_MONEY_STOCK_SA,LIQUIDITY,MONEY_SUPPLY_BUNDLE,2025-05-01,2026-06-23,21833.9,21833.9,BILLIONS_OF_DOLLARS,MONTHLY_REFERENCE_VALUES_FROM_WEEKLY_OR_MONTHLY_RELEASE_SNAPSHOT,SEASONALLY_ADJUSTED,May 2025,2026-06-23,2026-06-24T16:00:00Z,2026-06-25T00:00:00+08:00,J0_CONSERVATIVE_36H_FROM_DATED_RELEASE_DATE_START_AMERICA_NEW_YORK,MODERN_HTML_TABLE,SOURCE_VERSION_UNRESOLVED,INELIGIBLE_PILOT_SPARSE_REVISION_CHAIN,True,8c98919ea8fb60ccd82a366b8332e7bc2bcab18f79018b7662619aff4e5895f1,0,,H6-M2-2025-05-01-2026-06-23-0,FIRST_SEEN_IN_SPARSE_PILOT,0f460575cc3938f1bd41d73916b7e2093cdeea6e975ab2e3d8c4b24661947947
FED_H6_ARCHIVE_M2,role5-pilot-20260623,role5-pilot-20260623-body,H6/M2SL,US_M2_MONEY_STOCK_SA,LIQUIDITY,MONEY_SUPPLY_BUNDLE,2025-06-01,2026-06-23,21938.7,21938.7,BILLIONS_OF_DOLLARS,MONTHLY_REFERENCE_VALUES_FROM_WEEKLY_OR_MONTHLY_RELEASE_SNAPSHOT,SEASONALLY_ADJUSTED,June 2025,2026-06-23,2026-06-24T16:00:00Z,2026-06-25T00:00:00+08:00,J0_CONSERVATIVE_36H_FROM_DATED_RELEASE_DATE_START_AMERICA_NEW_YORK,MODERN_HTML_TABLE,SOURCE_VERSION_UNRESOLVED,INELIGIBLE_PILOT_SPARSE_REVISION_CHAIN,True,8c98919ea8fb60ccd82a366b8332e7bc2bcab18f79018b7662619aff4e5895f1,0,,H6-M2-2025-06-01-2026-06-23-0,FIRST_SEEN_IN_SPARSE_PILOT,3fb91c4acf9776854e930a444bab8591a8641c7440c809bc98515c61a154d3c2
FED_H6_ARCHIVE_M2,role5-pilot-20260623,role5-pilot-20260623-body,H6/M2SL,US_M2_MONEY_STOCK_SA,LIQUIDITY,MONEY_SUPPLY_BUNDLE,2025-07-01,2026-06-23,22020.4,22020.4,BILLIONS_OF_DOLLARS,MONTHLY_REFERENCE_VALUES_FROM_WEEKLY_OR_MONTHLY_RELEASE_SNAPSHOT,SEASONALLY_ADJUSTED,July 2025,2026-06-23,2026-06-24T16:00:00Z,2026-06-25T00:00:00+08:00,J0_CONSERVATIVE_36H_FROM_DATED_RELEASE_DATE_START_AMERICA_NEW_YORK,MODERN_HTML_TABLE,SOURCE_VERSION_UNRESOLVED,INELIGIBLE_PILOT_SPARSE_REVISION_CHAIN,True,8c98919ea8fb60ccd82a366b8332e7bc2bcab18f79018b7662619aff4e5895f1,0,,H6-M2-2025-07-01-2026-06-23-0,FIRST_SEEN_IN_SPARSE_PILOT,8d00cad53365110041fc4b44e3ed49610dce39a56a0138414b4d975b7cd073c9
FED_H6_ARCHIVE_M2,role5-pilot-20260623,role5-pilot-20260623-body,H6/M2SL,US_M2_MONEY_STOCK_SA,LIQUIDITY,MONEY_SUPPLY_BUNDLE,2025-08-01,2026-06-23,22087.1,22087.1,BILLIONS_OF_DOLLARS,MONTHLY_REFERENCE_VALUES_FROM_WEEKLY_OR_MONTHLY_RELEASE_SNAPSHOT,SEASONALLY_ADJUSTED,Aug. 2025,2026-06-23,2026-06-24T16:00:00Z,2026-06-25T00:00:00+08:00,J0_CONSERVATIVE_36H_FROM_DATED_RELEASE_DATE_START_AMERICA_NEW_YORK,MODERN_HTML_TABLE,SOURCE_VERSION_UNRESOLVED,INELIGIBLE_PILOT_SPARSE_REVISION_CHAIN,True,8c98919ea8fb60ccd82a366b8332e7bc2bcab18f79018b7662619aff4e5895f1,0,,H6-M2-2025-08-01-2026-06-23-0,FIRST_SEEN_IN_SPARSE_PILOT,817a87a90bf4b1ad4b75541440dd9768b823fd2c2328ece328d45c559853089b
FED_H6_ARCHIVE_M2,role5-pilot-20260623,role5-pilot-20260623-body,H6/M2SL,US_M2_MONEY_STOCK_SA,LIQUIDITY,MONEY_SUPPLY_BUNDLE,2025-09-01,2026-06-23,22170.4,22170.4,BILLIONS_OF_DOLLARS,MONTHLY_REFERENCE_VALUES_FROM_WEEKLY_OR_MONTHLY_RELEASE_SNAPSHOT,SEASONALLY_ADJUSTED,Sept. 2025,2026-06-23,2026-06-24T16:00:00Z,2026-06-25T00:00:00+08:00,J0_CONSERVATIVE_36H_FROM_DATED_RELEASE_DATE_START_AMERICA_NEW_YORK,MODERN_HTML_TABLE,SOURCE_VERSION_UNRESOLVED,INELIGIBLE_PILOT_SPARSE_REVISION_CHAIN,True,8c98919ea8fb60ccd82a366b8332e7bc2bcab18f79018b7662619aff4e5895f1,0,,H6-M2-2025-09-01-2026-06-23-0,FIRST_SEEN_IN_SPARSE_PILOT,afc0464ab80b58c5ea56fe18ef3816bccf52d9232cb23e3c23cb1baab381bc8d
FED_H6_ARCHIVE_M2,role5-pilot-20260623,role5-pilot-20260623-body,H6/M2SL,US_M2_MONEY_STOCK_SA,LIQUIDITY,MONEY_SUPPLY_BUNDLE,2025-10-01,2026-06-23,22245.1,22245.1,BILLIONS_OF_DOLLARS,MONTHLY_REFERENCE_VALUES_FROM_WEEKLY_OR_MONTHLY_RELEASE_SNAPSHOT,SEASONALLY_ADJUSTED,Oct. 2025,2026-06-23,2026-06-24T16:00:00Z,2026-06-25T00:00:00+08:00,J0_CONSERVATIVE_36H_FROM_DATED_RELEASE_DATE_START_AMERICA_NEW_YORK,MODERN_HTML_TABLE,SOURCE_VERSION_UNRESOLVED,INELIGIBLE_PILOT_SPARSE_REVISION_CHAIN,True,8c98919ea8fb60ccd82a366b8332e7bc2bcab18f79018b7662619aff4e5895f1,0,,H6-M2-2025-10-01-2026-06-23-0,FIRST_SEEN_IN_SPARSE_PILOT,b90591200ac4972f2389579adb9b9ebf78fa8898c491447174867e1d6f50e099
FED_H6_ARCHIVE_M2,role5-pilot-20260623,role5-pilot-20260623-body,H6/M2SL,US_M2_MONEY_STOCK_SA,LIQUIDITY,MONEY_SUPPLY_BUNDLE,2025-11-01,2026-06-23,22277.3,22277.3,BILLIONS_OF_DOLLARS,MONTHLY_REFERENCE_VALUES_FROM_WEEKLY_OR_MONTHLY_RELEASE_SNAPSHOT,SEASONALLY_ADJUSTED,Nov. 2025,2026-06-23,2026-06-24T16:00:00Z,2026-06-25T00:00:00+08:00,J0_CONSERVATIVE_36H_FROM_DATED_RELEASE_DATE_START_AMERICA_NEW_YORK,MODERN_HTML_TABLE,SOURCE_VERSION_UNRESOLVED,INELIGIBLE_PILOT_SPARSE_REVISION_CHAIN,True,8c98919ea8fb60ccd82a366b8332e7bc2bcab18f79018b7662619aff4e5895f1,0,,H6-M2-2025-11-01-2026-06-23-0,FIRST_SEEN_IN_SPARSE_PILOT,1499bff35843c8836d51ab0001cf6cbc44c04031abb710fb3fb498e05c921fb1
FED_H6_ARCHIVE_M2,role5-pilot-20260623,role5-pilot-20260623-body,H6/M2SL,US_M2_MONEY_STOCK_SA,LIQUIDITY,MONEY_SUPPLY_BUNDLE,2025-12-01,2026-06-23,22353.4,22353.4,BILLIONS_OF_DOLLARS,MONTHLY_REFERENCE_VALUES_FROM_WEEKLY_OR_MONTHLY_RELEASE_SNAPSHOT,SEASONALLY_ADJUSTED,Dec. 2025,2026-06-23,2026-06-24T16:00:00Z,2026-06-25T00:00:00+08:00,J0_CONSERVATIVE_36H_FROM_DATED_RELEASE_DATE_START_AMERICA_NEW_YORK,MODERN_HTML_TABLE,SOURCE_VERSION_UNRESOLVED,INELIGIBLE_PILOT_SPARSE_REVISION_CHAIN,True,8c98919ea8fb60ccd82a366b8332e7bc2bcab18f79018b7662619aff4e5895f1,0,,H6-M2-2025-12-01-2026-06-23-0,FIRST_SEEN_IN_SPARSE_PILOT,dad427e0e0a417fa6a4f1656d6dddc540fa9fbc20cdffe0a1e277d14f92cdac0
FED_H6_ARCHIVE_M2,role5-pilot-20260623,role5-pilot-20260623-body,H6/M2SL,US_M2_MONEY_STOCK_SA,LIQUIDITY,MONEY_SUPPLY_BUNDLE,2026-01-01,2026-06-23,22429.3,22429.3,BILLIONS_OF_DOLLARS,MONTHLY_REFERENCE_VALUES_FROM_WEEKLY_OR_MONTHLY_RELEASE_SNAPSHOT,SEASONALLY_ADJUSTED,Jan. 2026,2026-06-23,2026-06-24T16:00:00Z,2026-06-25T00:00:00+08:00,J0_CONSERVATIVE_36H_FROM_DATED_RELEASE_DATE_START_AMERICA_NEW_YORK,MODERN_HTML_TABLE,SOURCE_VERSION_UNRESOLVED,INELIGIBLE_PILOT_SPARSE_REVISION_CHAIN,True,8c98919ea8fb60ccd82a366b8332e7bc2bcab18f79018b7662619aff4e5895f1,0,,H6-M2-2026-01-01-2026-06-23-0,FIRST_SEEN_IN_SPARSE_PILOT,7cfa3ab95d6e55f39e9bcc2685b234c531e26c0ff1a199130242842d5df0a1c2
FED_H6_ARCHIVE_M2,role5-pilot-20260623,role5-pilot-20260623-body,H6/M2SL,US_M2_MONEY_STOCK_SA,LIQUIDITY,MONEY_SUPPLY_BUNDLE,2026-02-01,2026-06-23,22626.9,22626.9,BILLIONS_OF_DOLLARS,MONTHLY_REFERENCE_VALUES_FROM_WEEKLY_OR_MONTHLY_RELEASE_SNAPSHOT,SEASONALLY_ADJUSTED,Feb. 2026,2026-06-23,2026-06-24T16:00:00Z,2026-06-25T00:00:00+08:00,J0_CONSERVATIVE_36H_FROM_DATED_RELEASE_DATE_START_AMERICA_NEW_YORK,MODERN_HTML_TABLE,SOURCE_VERSION_UNRESOLVED,INELIGIBLE_PILOT_SPARSE_REVISION_CHAIN,True,8c98919ea8fb60ccd82a366b8332e7bc2bcab18f79018b7662619aff4e5895f1,0,,H6-M2-2026-02-01-2026-06-23-0,FIRST_SEEN_IN_SPARSE_PILOT,0c05f458f6572c9ca11ab2dfd5686c110aee8ce00dc135a6d854afff8625eea3
FED_H6_ARCHIVE_M2,role5-pilot-20260623,role5-pilot-20260623-body,H6/M2SL,US_M2_MONEY_STOCK_SA,LIQUIDITY,MONEY_SUPPLY_BUNDLE,2026-03-01,2026-06-23,22686.2,22686.2,BILLIONS_OF_DOLLARS,MONTHLY_REFERENCE_VALUES_FROM_WEEKLY_OR_MONTHLY_RELEASE_SNAPSHOT,SEASONALLY_ADJUSTED,Mar. 2026,2026-06-23,2026-06-24T16:00:00Z,2026-06-25T00:00:00+08:00,J0_CONSERVATIVE_36H_FROM_DATED_RELEASE_DATE_START_AMERICA_NEW_YORK,MODERN_HTML_TABLE,SOURCE_VERSION_UNRESOLVED,INELIGIBLE_PILOT_SPARSE_REVISION_CHAIN,True,8c98919ea8fb60ccd82a366b8332e7bc2bcab18f79018b7662619aff4e5895f1,0,,H6-M2-2026-03-01-2026-06-23-0,FIRST_SEEN_IN_SPARSE_PILOT,25aea057744a92f2a5c942af4533ea5b2688b8a580504b1f0a44040fcfc72099
FED_H6_ARCHIVE_M2,role5-pilot-20260623,role5-pilot-20260623-body,H6/M2SL,US_M2_MONEY_STOCK_SA,LIQUIDITY,MONEY_SUPPLY_BUNDLE,2026-04-01,2026-06-23,22804.5,22804.5,BILLIONS_OF_DOLLARS,MONTHLY_REFERENCE_VALUES_FROM_WEEKLY_OR_MONTHLY_RELEASE_SNAPSHOT,SEASONALLY_ADJUSTED,Apr. 2026,2026-06-23,2026-06-24T16:00:00Z,2026-06-25T00:00:00+08:00,J0_CONSERVATIVE_36H_FROM_DATED_RELEASE_DATE_START_AMERICA_NEW_YORK,MODERN_HTML_TABLE,SOURCE_VERSION_UNRESOLVED,INELIGIBLE_PILOT_SPARSE_REVISION_CHAIN,True,8c98919ea8fb60ccd82a366b8332e7bc2bcab18f79018b7662619aff4e5895f1,0,,H6-M2-2026-04-01-2026-06-23-0,FIRST_SEEN_IN_SPARSE_PILOT,063ca1920b45c17a66000aa94b3a1595dbb4a7a46884b95ab291555032b985f0
FED_H6_ARCHIVE_M2,role5-pilot-20260623,role5-pilot-20260623-body,H6/M2SL,US_M2_MONEY_STOCK_SA,LIQUIDITY,MONEY_SUPPLY_BUNDLE,2026-05-01,2026-06-23,23052.3,23052.3,BILLIONS_OF_DOLLARS,MONTHLY_REFERENCE_VALUES_FROM_WEEKLY_OR_MONTHLY_RELEASE_SNAPSHOT,SEASONALLY_ADJUSTED,May 2026,2026-06-23,2026-06-24T16:00:00Z,2026-06-25T00:00:00+08:00,J0_CONSERVATIVE_36H_FROM_DATED_RELEASE_DATE_START_AMERICA_NEW_YORK,MODERN_HTML_TABLE,SOURCE_VERSION_UNRESOLVED,INELIGIBLE_PILOT_SPARSE_REVISION_CHAIN,True,8c98919ea8fb60ccd82a366b8332e7bc2bcab18f79018b7662619aff4e5895f1,0,,H6-M2-2026-05-01-2026-06-23-0,FIRST_SEEN_IN_SPARSE_PILOT,68254bac0f40865bddfc6f1ac294daf02f851c1231ee12457067b8bdcab5f993
