raw_artifact_id,source_run_id,relative_private_path,byte_length,sha256,header_byte_length,header_sha256,source_url
role5-index-0002-body,role5-index-0002,vintage_year=2026/source_run=role5-index-0002/index.html,78552,9a81f9cb1130b360e27f679cfea6dfad22609adcf16000b7e5f66c6aacccb839,915,a46e2e2b9009087f5b2d450028f03268e9a3ddc6f1907cde98cf3ba1b5e83aa9,https://www.federalreserve.gov/releases/h6/default.htm
role5-release-dates-0003-body,role5-release-dates-0003,vintage_year=2026/source_run=role5-release-dates-0003/releaseDates.json,68166,10da7a1ce01cc353bbf97ce5db5cb1b16fbd5d8a12790dd0fe04ae57c308a061,943,359d7a1393c3c091dbd124467b060c758f49f961c3e02768295623672ebf7783,https://www.federalreserve.gov/releases/h6/releaseDates.json
role5-pilot-20000106-body,role5-pilot-20000106,vintage_year=2000/source_run=role5-pilot-20000106/release.html,78231,6476619d90d2f448d9dd168a5eac2a7d9b54aad0fd55bd279edc7fc94558eee6,915,2d11417fa38a8a51044757c1e82da8fc5862b3f71ae4a31970335e4ccde324b2,https://www.federalreserve.gov/releases/h6/20000106/
role5-pilot-20120426-body,role5-pilot-20120426,vintage_year=2012/source_run=role5-pilot-20120426/release.html,56740,0dd8cb435daaaac1e39f03f1845a61c4f2676793f1bb97553218de1a0c6951c5,915,4cb984656e4d6ba328fb63d8702004e26c38eaffad1c4cd6e748b00d75f1cb9b,https://www.federalreserve.gov/releases/h6/20120426/
role5-pilot-20201231-body,role5-pilot-20201231,vintage_year=2020/source_run=role5-pilot-20201231/release.html,195764,b80d1b893fc1a05b36fc8a5a70d35c4d289f2e85ea1d1c873dd8db37f195cc6a,915,77a6f399cd879f8296719d2ee36db3e22d4f75628651647df802504795de61bb,https://www.federalreserve.gov/releases/h6/20201231/
role5-pilot-20210223-body,role5-pilot-20210223,vintage_year=2021/source_run=role5-pilot-20210223/release.html,117158,5569f47ffe6c051cb90442be16c5438cc65bd7cd2a42593c52ee65b37f25197f,913,cb57fe81afe8922352083361a6150e7084cbb3e583a2ef3924b7952a3cade9c2,https://www.federalreserve.gov/releases/h6/20210223/
role5-pilot-20210323-body,role5-pilot-20210323,vintage_year=2021/source_run=role5-pilot-20210323/release.html,153384,7a0aed23579f2af4f7626f611f83fd2805f8e5d225574729c28bd1b884145ced,915,8da04453876075ec9ffaba1d7431c81dcc6239ed376db11bf8adba4789c89cd5,https://www.federalreserve.gov/releases/h6/20210323/
role5-pilot-20260623-body,role5-pilot-20260623,vintage_year=2026/source_run=role5-pilot-20260623/release.html,119408,8c98919ea8fb60ccd82a366b8332e7bc2bcab18f79018b7662619aff4e5895f1,915,a9b67e61e5f3e7de497b43c2c0cf3a7ec684f1e8d650cbb538739768f130ee27,https://www.federalreserve.gov/releases/h6/20260623/
role5-pilot-20001228-body,role5-pilot-20001228,vintage_year=2000/source_run=role5-pilot-20001228/release.html,78910,4a849b696b139e79242f1a7a7344f6988245fe70dc1c9af70b42ab00ee6f7721,915,1d67d8cd777569002f986f1428584deb27318e3373ea4ec23b8e01c3050bf87e,https://www.federalreserve.gov/releases/h6/20001228/
