release_date,status
2000-01-13,NOT_REQUESTED_FROZEN_PILOT_CEILING
2000-01-20,NOT_REQUESTED_FROZEN_PILOT_CEILING
2000-01-27,NOT_REQUESTED_FROZEN_PILOT_CEILING
2000-02-03,NOT_REQUESTED_FROZEN_PILOT_CEILING
2000-02-10,NOT_REQUESTED_FROZEN_PILOT_CEILING
2000-02-17,NOT_REQUESTED_FROZEN_PILOT_CEILING
2000-02-24,NOT_REQUESTED_FROZEN_PILOT_CEILING
2000-03-02,NOT_REQUESTED_FROZEN_PILOT_CEILING
2000-03-09,NOT_REQUESTED_FROZEN_PILOT_CEILING
2000-03-16,NOT_REQUESTED_FROZEN_PILOT_CEILING
2000-03-23,NOT_REQUESTED_FROZEN_PILOT_CEILING
2000-03-30,NOT_REQUESTED_FROZEN_PILOT_CEILING
2000-04-06,NOT_REQUESTED_FROZEN_PILOT_CEILING
2000-04-13,NOT_REQUESTED_FROZEN_PILOT_CEILING
2000-04-20,NOT_REQUESTED_FROZEN_PILOT_CEILING
2000-04-27,NOT_REQUESTED_FROZEN_PILOT_CEILING
2000-05-04,NOT_REQUESTED_FROZEN_PILOT_CEILING
2000-05-11,NOT_REQUESTED_FROZEN_PILOT_CEILING
2000-05-18,NOT_REQUESTED_FROZEN_PILOT_CEILING
2000-05-25,NOT_REQUESTED_FROZEN_PILOT_CEILING
2000-06-01,NOT_REQUESTED_FROZEN_PILOT_CEILING
2000-06-08,NOT_REQUESTED_FROZEN_PILOT_CEILING
2000-06-15,NOT_REQUESTED_FROZEN_PILOT_CEILING
2000-06-22,NOT_REQUESTED_FROZEN_PILOT_CEILING
2000-06-29,NOT_REQUESTED_FROZEN_PILOT_CEILING
2000-07-06,NOT_REQUESTED_FROZEN_PILOT_CEILING
2000-07-13,NOT_REQUESTED_FROZEN_PILOT_CEILING
2000-07-20,NOT_REQUESTED_FROZEN_PILOT_CEILING
2000-07-27,NOT_REQUESTED_FROZEN_PILOT_CEILING
2000-08-03,NOT_REQUESTED_FROZEN_PILOT_CEILING
2000-08-10,NOT_REQUESTED_FROZEN_PILOT_CEILING
2000-08-17,NOT_REQUESTED_FROZEN_PILOT_CEILING
2000-08-24,NOT_REQUESTED_FROZEN_PILOT_CEILING
2000-08-31,NOT_REQUESTED_FROZEN_PILOT_CEILING
2000-09-07,NOT_REQUESTED_FROZEN_PILOT_CEILING
2000-09-14,NOT_REQUESTED_FROZEN_PILOT_CEILING
2000-09-21,NOT_REQUESTED_FROZEN_PILOT_CEILING
2000-09-28,NOT_REQUESTED_FROZEN_PILOT_CEILING
2000-10-05,NOT_REQUESTED_FROZEN_PILOT_CEILING
2000-10-12,NOT_REQUESTED_FROZEN_PILOT_CEILING
2000-10-19,NOT_REQUESTED_FROZEN_PILOT_CEILING
2000-10-26,NOT_REQUESTED_FROZEN_PILOT_CEILING
2000-11-02,NOT_REQUESTED_FROZEN_PILOT_CEILING
2000-11-09,NOT_REQUESTED_FROZEN_PILOT_CEILING
2000-11-16,NOT_REQUESTED_FROZEN_PILOT_CEILING
2000-11-24,NOT_REQUESTED_FROZEN_PILOT_CEILING
2000-11-30,NOT_REQUESTED_FROZEN_PILOT_CEILING
2000-12-07,NOT_REQUESTED_FROZEN_PILOT_CEILING
2000-12-14,NOT_REQUESTED_FROZEN_PILOT_CEILING
2000-12-21,NOT_REQUESTED_FROZEN_PILOT_CEILING
2001-01-04,NOT_REQUESTED_FROZEN_PILOT_CEILING
2001-01-11,NOT_REQUESTED_FROZEN_PILOT_CEILING
2001-01-18,NOT_REQUESTED_FROZEN_PILOT_CEILING
2001-01-25,NOT_REQUESTED_FROZEN_PILOT_CEILING
2001-02-01,NOT_REQUESTED_FROZEN_PILOT_CEILING
2001-02-08,NOT_REQUESTED_FROZEN_PILOT_CEILING
2001-02-15,NOT_REQUESTED_FROZEN_PILOT_CEILING
2001-02-22,NOT_REQUESTED_FROZEN_PILOT_CEILING
2001-03-01,NOT_REQUESTED_FROZEN_PILOT_CEILING
2001-03-08,NOT_REQUESTED_FROZEN_PILOT_CEILING
2001-03-15,NOT_REQUESTED_FROZEN_PILOT_CEILING
2001-03-22,NOT_REQUESTED_FROZEN_PILOT_CEILING
2001-03-29,NOT_REQUESTED_FROZEN_PILOT_CEILING
2001-04-05,NOT_REQUESTED_FROZEN_PILOT_CEILING
2001-04-12,NOT_REQUESTED_FROZEN_PILOT_CEILING
2001-04-19,NOT_REQUESTED_FROZEN_PILOT_CEILING
2001-04-26,NOT_REQUESTED_FROZEN_PILOT_CEILING
2001-05-03,NOT_REQUESTED_FROZEN_PILOT_CEILING
2001-05-10,NOT_REQUESTED_FROZEN_PILOT_CEILING
2001-05-17,NOT_REQUESTED_FROZEN_PILOT_CEILING
2001-05-24,NOT_REQUESTED_FROZEN_PILOT_CEILING
2001-05-31,NOT_REQUESTED_FROZEN_PILOT_CEILING
2001-06-07,NOT_REQUESTED_FROZEN_PILOT_CEILING
2001-06-14,NOT_REQUESTED_FROZEN_PILOT_CEILING
2001-06-21,NOT_REQUESTED_FROZEN_PILOT_CEILING
2001-06-28,NOT_REQUESTED_FROZEN_PILOT_CEILING
2001-07-05,NOT_REQUESTED_FROZEN_PILOT_CEILING
2001-07-12,NOT_REQUESTED_FROZEN_PILOT_CEILING
2001-07-19,NOT_REQUESTED_FROZEN_PILOT_CEILING
2001-07-26,NOT_REQUESTED_FROZEN_PILOT_CEILING
2001-08-02,NOT_REQUESTED_FROZEN_PILOT_CEILING
2001-08-09,NOT_REQUESTED_FROZEN_PILOT_CEILING
2001-08-16,NOT_REQUESTED_FROZEN_PILOT_CEILING
2001-08-23,NOT_REQUESTED_FROZEN_PILOT_CEILING
2001-08-30,NOT_REQUESTED_FROZEN_PILOT_CEILING
2001-09-06,NOT_REQUESTED_FROZEN_PILOT_CEILING
2001-09-13,NOT_REQUESTED_FROZEN_PILOT_CEILING
2001-09-20,NOT_REQUESTED_FROZEN_PILOT_CEILING
2001-09-27,NOT_REQUESTED_FROZEN_PILOT_CEILING
2001-10-04,NOT_REQUESTED_FROZEN_PILOT_CEILING
2001-10-11,NOT_REQUESTED_FROZEN_PILOT_CEILING
2001-10-18,NOT_REQUESTED_FROZEN_PILOT_CEILING
2001-10-25,NOT_REQUESTED_FROZEN_PILOT_CEILING
2001-11-01,NOT_REQUESTED_FROZEN_PILOT_CEILING
2001-11-08,NOT_REQUESTED_FROZEN_PILOT_CEILING
2001-11-15,NOT_REQUESTED_FROZEN_PILOT_CEILING
2001-11-23,NOT_REQUESTED_FROZEN_PILOT_CEILING
2001-11-29,NOT_REQUESTED_FROZEN_PILOT_CEILING
2001-12-06,NOT_REQUESTED_FROZEN_PILOT_CEILING
2001-12-13,NOT_REQUESTED_FROZEN_PILOT_CEILING
2001-12-20,NOT_REQUESTED_FROZEN_PILOT_CEILING
2001-12-27,NOT_REQUESTED_FROZEN_PILOT_CEILING
2002-01-03,NOT_REQUESTED_FROZEN_PILOT_CEILING
2002-01-10,NOT_REQUESTED_FROZEN_PILOT_CEILING
2002-01-17,NOT_REQUESTED_FROZEN_PILOT_CEILING
2002-01-24,NOT_REQUESTED_FROZEN_PILOT_CEILING
2002-01-31,NOT_REQUESTED_FROZEN_PILOT_CEILING
2002-02-07,NOT_REQUESTED_FROZEN_PILOT_CEILING
2002-02-14,NOT_REQUESTED_FROZEN_PILOT_CEILING
2002-02-21,NOT_REQUESTED_FROZEN_PILOT_CEILING
2002-02-28,NOT_REQUESTED_FROZEN_PILOT_CEILING
2002-03-07,NOT_REQUESTED_FROZEN_PILOT_CEILING
2002-03-14,NOT_REQUESTED_FROZEN_PILOT_CEILING
2002-03-21,NOT_REQUESTED_FROZEN_PILOT_CEILING
2002-03-28,NOT_REQUESTED_FROZEN_PILOT_CEILING
2002-04-04,NOT_REQUESTED_FROZEN_PILOT_CEILING
2002-04-11,NOT_REQUESTED_FROZEN_PILOT_CEILING
2002-04-18,NOT_REQUESTED_FROZEN_PILOT_CEILING
2002-04-25,NOT_REQUESTED_FROZEN_PILOT_CEILING
2002-05-02,NOT_REQUESTED_FROZEN_PILOT_CEILING
2002-05-09,NOT_REQUESTED_FROZEN_PILOT_CEILING
2002-05-16,NOT_REQUESTED_FROZEN_PILOT_CEILING
2002-05-23,NOT_REQUESTED_FROZEN_PILOT_CEILING
2002-05-30,NOT_REQUESTED_FROZEN_PILOT_CEILING
2002-06-06,NOT_REQUESTED_FROZEN_PILOT_CEILING
2002-06-13,NOT_REQUESTED_FROZEN_PILOT_CEILING
2002-06-20,NOT_REQUESTED_FROZEN_PILOT_CEILING
2002-06-27,NOT_REQUESTED_FROZEN_PILOT_CEILING
2002-07-05,NOT_REQUESTED_FROZEN_PILOT_CEILING
2002-07-11,NOT_REQUESTED_FROZEN_PILOT_CEILING
2002-07-18,NOT_REQUESTED_FROZEN_PILOT_CEILING
2002-07-25,NOT_REQUESTED_FROZEN_PILOT_CEILING
2002-08-01,NOT_REQUESTED_FROZEN_PILOT_CEILING
2002-08-08,NOT_REQUESTED_FROZEN_PILOT_CEILING
2002-08-15,NOT_REQUESTED_FROZEN_PILOT_CEILING
2002-08-22,NOT_REQUESTED_FROZEN_PILOT_CEILING
2002-08-29,NOT_REQUESTED_FROZEN_PILOT_CEILING
2002-09-05,NOT_REQUESTED_FROZEN_PILOT_CEILING
2002-09-12,NOT_REQUESTED_FROZEN_PILOT_CEILING
2002-09-19,NOT_REQUESTED_FROZEN_PILOT_CEILING
2002-09-26,NOT_REQUESTED_FROZEN_PILOT_CEILING
2002-10-03,NOT_REQUESTED_FROZEN_PILOT_CEILING
2002-10-10,NOT_REQUESTED_FROZEN_PILOT_CEILING
2002-10-17,NOT_REQUESTED_FROZEN_PILOT_CEILING
2002-10-24,NOT_REQUESTED_FROZEN_PILOT_CEILING
2002-10-31,NOT_REQUESTED_FROZEN_PILOT_CEILING
2002-11-07,NOT_REQUESTED_FROZEN_PILOT_CEILING
2002-11-14,NOT_REQUESTED_FROZEN_PILOT_CEILING
2002-11-21,NOT_REQUESTED_FROZEN_PILOT_CEILING
2002-11-29,NOT_REQUESTED_FROZEN_PILOT_CEILING
2002-12-05,NOT_REQUESTED_FROZEN_PILOT_CEILING
2002-12-12,NOT_REQUESTED_FROZEN_PILOT_CEILING
2002-12-19,NOT_REQUESTED_FROZEN_PILOT_CEILING
2002-12-26,NOT_REQUESTED_FROZEN_PILOT_CEILING
2003-01-02,NOT_REQUESTED_FROZEN_PILOT_CEILING
2003-01-09,NOT_REQUESTED_FROZEN_PILOT_CEILING
2003-01-16,NOT_REQUESTED_FROZEN_PILOT_CEILING
2003-01-23,NOT_REQUESTED_FROZEN_PILOT_CEILING
2003-01-30,NOT_REQUESTED_FROZEN_PILOT_CEILING
2003-02-06,NOT_REQUESTED_FROZEN_PILOT_CEILING
2003-02-13,NOT_REQUESTED_FROZEN_PILOT_CEILING
2003-02-20,NOT_REQUESTED_FROZEN_PILOT_CEILING
2003-02-27,NOT_REQUESTED_FROZEN_PILOT_CEILING
2003-03-06,NOT_REQUESTED_FROZEN_PILOT_CEILING
2003-03-13,NOT_REQUESTED_FROZEN_PILOT_CEILING
2003-03-20,NOT_REQUESTED_FROZEN_PILOT_CEILING
2003-03-27,NOT_REQUESTED_FROZEN_PILOT_CEILING
2003-04-03,NOT_REQUESTED_FROZEN_PILOT_CEILING
2003-04-10,NOT_REQUESTED_FROZEN_PILOT_CEILING
2003-04-17,NOT_REQUESTED_FROZEN_PILOT_CEILING
2003-04-24,NOT_REQUESTED_FROZEN_PILOT_CEILING
2003-05-01,NOT_REQUESTED_FROZEN_PILOT_CEILING
2003-05-08,NOT_REQUESTED_FROZEN_PILOT_CEILING
2003-05-15,NOT_REQUESTED_FROZEN_PILOT_CEILING
2003-05-22,NOT_REQUESTED_FROZEN_PILOT_CEILING
2003-05-29,NOT_REQUESTED_FROZEN_PILOT_CEILING
2003-06-05,NOT_REQUESTED_FROZEN_PILOT_CEILING
2003-06-12,NOT_REQUESTED_FROZEN_PILOT_CEILING
2003-06-19,NOT_REQUESTED_FROZEN_PILOT_CEILING
2003-06-26,NOT_REQUESTED_FROZEN_PILOT_CEILING
2003-07-03,NOT_REQUESTED_FROZEN_PILOT_CEILING
2003-07-10,NOT_REQUESTED_FROZEN_PILOT_CEILING
2003-07-17,NOT_REQUESTED_FROZEN_PILOT_CEILING
2003-07-24,NOT_REQUESTED_FROZEN_PILOT_CEILING
2003-07-31,NOT_REQUESTED_FROZEN_PILOT_CEILING
2003-08-07,NOT_REQUESTED_FROZEN_PILOT_CEILING
2003-08-14,NOT_REQUESTED_FROZEN_PILOT_CEILING
2003-08-21,NOT_REQUESTED_FROZEN_PILOT_CEILING
2003-08-28,NOT_REQUESTED_FROZEN_PILOT_CEILING
2003-09-04,NOT_REQUESTED_FROZEN_PILOT_CEILING
2003-09-11,NOT_REQUESTED_FROZEN_PILOT_CEILING
2003-09-18,NOT_REQUESTED_FROZEN_PILOT_CEILING
2003-09-25,NOT_REQUESTED_FROZEN_PILOT_CEILING
2003-10-02,NOT_REQUESTED_FROZEN_PILOT_CEILING
2003-10-09,NOT_REQUESTED_FROZEN_PILOT_CEILING
2003-10-16,NOT_REQUESTED_FROZEN_PILOT_CEILING
2003-10-23,NOT_REQUESTED_FROZEN_PILOT_CEILING
2003-10-30,NOT_REQUESTED_FROZEN_PILOT_CEILING
2003-11-06,NOT_REQUESTED_FROZEN_PILOT_CEILING
2003-11-13,NOT_REQUESTED_FROZEN_PILOT_CEILING
2003-11-20,NOT_REQUESTED_FROZEN_PILOT_CEILING
2003-11-28,NOT_REQUESTED_FROZEN_PILOT_CEILING
2003-12-04,NOT_REQUESTED_FROZEN_PILOT_CEILING
2003-12-11,NOT_REQUESTED_FROZEN_PILOT_CEILING
2003-12-18,NOT_REQUESTED_FROZEN_PILOT_CEILING
2003-12-26,NOT_REQUESTED_FROZEN_PILOT_CEILING
2004-01-02,NOT_REQUESTED_FROZEN_PILOT_CEILING
2004-01-08,NOT_REQUESTED_FROZEN_PILOT_CEILING
2004-01-15,NOT_REQUESTED_FROZEN_PILOT_CEILING
2004-01-22,NOT_REQUESTED_FROZEN_PILOT_CEILING
2004-01-29,NOT_REQUESTED_FROZEN_PILOT_CEILING
2004-02-05,NOT_REQUESTED_FROZEN_PILOT_CEILING
2004-02-12,NOT_REQUESTED_FROZEN_PILOT_CEILING
2004-02-19,NOT_REQUESTED_FROZEN_PILOT_CEILING
2004-02-26,NOT_REQUESTED_FROZEN_PILOT_CEILING
2004-03-04,NOT_REQUESTED_FROZEN_PILOT_CEILING
2004-03-11,NOT_REQUESTED_FROZEN_PILOT_CEILING
2004-03-18,NOT_REQUESTED_FROZEN_PILOT_CEILING
2004-03-25,NOT_REQUESTED_FROZEN_PILOT_CEILING
2004-04-01,NOT_REQUESTED_FROZEN_PILOT_CEILING
2004-04-08,NOT_REQUESTED_FROZEN_PILOT_CEILING
2004-04-15,NOT_REQUESTED_FROZEN_PILOT_CEILING
2004-04-22,NOT_REQUESTED_FROZEN_PILOT_CEILING
2004-04-29,NOT_REQUESTED_FROZEN_PILOT_CEILING
2004-05-06,NOT_REQUESTED_FROZEN_PILOT_CEILING
2004-05-13,NOT_REQUESTED_FROZEN_PILOT_CEILING
2004-05-20,NOT_REQUESTED_FROZEN_PILOT_CEILING
2004-05-27,NOT_REQUESTED_FROZEN_PILOT_CEILING
2004-06-03,NOT_REQUESTED_FROZEN_PILOT_CEILING
2004-06-10,NOT_REQUESTED_FROZEN_PILOT_CEILING
2004-06-17,NOT_REQUESTED_FROZEN_PILOT_CEILING
2004-06-24,NOT_REQUESTED_FROZEN_PILOT_CEILING
2004-07-01,NOT_REQUESTED_FROZEN_PILOT_CEILING
2004-07-08,NOT_REQUESTED_FROZEN_PILOT_CEILING
2004-07-15,NOT_REQUESTED_FROZEN_PILOT_CEILING
2004-07-22,NOT_REQUESTED_FROZEN_PILOT_CEILING
2004-07-29,NOT_REQUESTED_FROZEN_PILOT_CEILING
2004-08-05,NOT_REQUESTED_FROZEN_PILOT_CEILING
2004-08-12,NOT_REQUESTED_FROZEN_PILOT_CEILING
2004-08-19,NOT_REQUESTED_FROZEN_PILOT_CEILING
2004-08-26,NOT_REQUESTED_FROZEN_PILOT_CEILING
2004-09-02,NOT_REQUESTED_FROZEN_PILOT_CEILING
2004-09-09,NOT_REQUESTED_FROZEN_PILOT_CEILING
2004-09-16,NOT_REQUESTED_FROZEN_PILOT_CEILING
2004-09-23,NOT_REQUESTED_FROZEN_PILOT_CEILING
2004-09-30,NOT_REQUESTED_FROZEN_PILOT_CEILING
2004-10-07,NOT_REQUESTED_FROZEN_PILOT_CEILING
2004-10-14,NOT_REQUESTED_FROZEN_PILOT_CEILING
2004-10-21,NOT_REQUESTED_FROZEN_PILOT_CEILING
2004-10-28,NOT_REQUESTED_FROZEN_PILOT_CEILING
2004-11-04,NOT_REQUESTED_FROZEN_PILOT_CEILING
2004-11-12,NOT_REQUESTED_FROZEN_PILOT_CEILING
2004-11-18,NOT_REQUESTED_FROZEN_PILOT_CEILING
2004-11-26,NOT_REQUESTED_FROZEN_PILOT_CEILING
2004-12-02,NOT_REQUESTED_FROZEN_PILOT_CEILING
2004-12-09,NOT_REQUESTED_FROZEN_PILOT_CEILING
2004-12-16,NOT_REQUESTED_FROZEN_PILOT_CEILING
2004-12-23,NOT_REQUESTED_FROZEN_PILOT_CEILING
2004-12-30,NOT_REQUESTED_FROZEN_PILOT_CEILING
2005-01-06,NOT_REQUESTED_FROZEN_PILOT_CEILING
2005-01-13,NOT_REQUESTED_FROZEN_PILOT_CEILING
2005-01-20,NOT_REQUESTED_FROZEN_PILOT_CEILING
2005-01-27,NOT_REQUESTED_FROZEN_PILOT_CEILING
2005-02-03,NOT_REQUESTED_FROZEN_PILOT_CEILING
2005-02-10,NOT_REQUESTED_FROZEN_PILOT_CEILING
2005-02-17,NOT_REQUESTED_FROZEN_PILOT_CEILING
2005-02-24,NOT_REQUESTED_FROZEN_PILOT_CEILING
2005-03-05,NOT_REQUESTED_FROZEN_PILOT_CEILING
2005-03-10,NOT_REQUESTED_FROZEN_PILOT_CEILING
2005-03-17,NOT_REQUESTED_FROZEN_PILOT_CEILING
2005-03-24,NOT_REQUESTED_FROZEN_PILOT_CEILING
2005-03-31,NOT_REQUESTED_FROZEN_PILOT_CEILING
2005-04-07,NOT_REQUESTED_FROZEN_PILOT_CEILING
2005-04-14,NOT_REQUESTED_FROZEN_PILOT_CEILING
2005-04-21,NOT_REQUESTED_FROZEN_PILOT_CEILING
2005-04-28,NOT_REQUESTED_FROZEN_PILOT_CEILING
2005-05-05,NOT_REQUESTED_FROZEN_PILOT_CEILING
2005-05-12,NOT_REQUESTED_FROZEN_PILOT_CEILING
2005-05-19,NOT_REQUESTED_FROZEN_PILOT_CEILING
2005-05-26,NOT_REQUESTED_FROZEN_PILOT_CEILING
2005-06-02,NOT_REQUESTED_FROZEN_PILOT_CEILING
2005-06-09,NOT_REQUESTED_FROZEN_PILOT_CEILING
2005-06-16,NOT_REQUESTED_FROZEN_PILOT_CEILING
2005-06-23,NOT_REQUESTED_FROZEN_PILOT_CEILING
2005-06-30,NOT_REQUESTED_FROZEN_PILOT_CEILING
2005-07-07,NOT_REQUESTED_FROZEN_PILOT_CEILING
2005-07-14,NOT_REQUESTED_FROZEN_PILOT_CEILING
2005-07-21,NOT_REQUESTED_FROZEN_PILOT_CEILING
2005-07-28,NOT_REQUESTED_FROZEN_PILOT_CEILING
2005-08-04,NOT_REQUESTED_FROZEN_PILOT_CEILING
2005-08-11,NOT_REQUESTED_FROZEN_PILOT_CEILING
2005-08-18,NOT_REQUESTED_FROZEN_PILOT_CEILING
2005-08-25,NOT_REQUESTED_FROZEN_PILOT_CEILING
2005-09-01,NOT_REQUESTED_FROZEN_PILOT_CEILING
2005-09-08,NOT_REQUESTED_FROZEN_PILOT_CEILING
2005-09-15,NOT_REQUESTED_FROZEN_PILOT_CEILING
2005-09-22,NOT_REQUESTED_FROZEN_PILOT_CEILING
2005-09-29,NOT_REQUESTED_FROZEN_PILOT_CEILING
2005-10-06,NOT_REQUESTED_FROZEN_PILOT_CEILING
2005-10-13,NOT_REQUESTED_FROZEN_PILOT_CEILING
2005-10-20,NOT_REQUESTED_FROZEN_PILOT_CEILING
2005-10-27,NOT_REQUESTED_FROZEN_PILOT_CEILING
2005-11-03,NOT_REQUESTED_FROZEN_PILOT_CEILING
2005-11-10,NOT_REQUESTED_FROZEN_PILOT_CEILING
2005-11-17,NOT_REQUESTED_FROZEN_PILOT_CEILING
2005-11-25,NOT_REQUESTED_FROZEN_PILOT_CEILING
2005-12-01,NOT_REQUESTED_FROZEN_PILOT_CEILING
2005-12-08,NOT_REQUESTED_FROZEN_PILOT_CEILING
2005-12-15,NOT_REQUESTED_FROZEN_PILOT_CEILING
2005-12-22,NOT_REQUESTED_FROZEN_PILOT_CEILING
2005-12-29,NOT_REQUESTED_FROZEN_PILOT_CEILING
2006-01-05,NOT_REQUESTED_FROZEN_PILOT_CEILING
2006-01-12,NOT_REQUESTED_FROZEN_PILOT_CEILING
2006-01-19,NOT_REQUESTED_FROZEN_PILOT_CEILING
2006-01-26,NOT_REQUESTED_FROZEN_PILOT_CEILING
2006-02-02,NOT_REQUESTED_FROZEN_PILOT_CEILING
2006-02-09,NOT_REQUESTED_FROZEN_PILOT_CEILING
2006-02-16,NOT_REQUESTED_FROZEN_PILOT_CEILING
2006-02-23,NOT_REQUESTED_FROZEN_PILOT_CEILING
2006-03-02,NOT_REQUESTED_FROZEN_PILOT_CEILING
2006-03-09,NOT_REQUESTED_FROZEN_PILOT_CEILING
2006-03-16,NOT_REQUESTED_FROZEN_PILOT_CEILING
2006-03-23,NOT_REQUESTED_FROZEN_PILOT_CEILING
2006-03-30,NOT_REQUESTED_FROZEN_PILOT_CEILING
2006-04-06,NOT_REQUESTED_FROZEN_PILOT_CEILING
2006-04-13,NOT_REQUESTED_FROZEN_PILOT_CEILING
2006-04-20,NOT_REQUESTED_FROZEN_PILOT_CEILING
2006-04-27,NOT_REQUESTED_FROZEN_PILOT_CEILING
2006-05-04,NOT_REQUESTED_FROZEN_PILOT_CEILING
2006-05-11,NOT_REQUESTED_FROZEN_PILOT_CEILING
2006-05-18,NOT_REQUESTED_FROZEN_PILOT_CEILING
2006-05-25,NOT_REQUESTED_FROZEN_PILOT_CEILING
2006-06-01,NOT_REQUESTED_FROZEN_PILOT_CEILING
2006-06-08,NOT_REQUESTED_FROZEN_PILOT_CEILING
2006-06-15,NOT_REQUESTED_FROZEN_PILOT_CEILING
2006-06-22,NOT_REQUESTED_FROZEN_PILOT_CEILING
2006-06-29,NOT_REQUESTED_FROZEN_PILOT_CEILING
2006-07-06,NOT_REQUESTED_FROZEN_PILOT_CEILING
2006-07-13,NOT_REQUESTED_FROZEN_PILOT_CEILING
2006-07-20,NOT_REQUESTED_FROZEN_PILOT_CEILING
2006-07-27,NOT_REQUESTED_FROZEN_PILOT_CEILING
2006-08-03,NOT_REQUESTED_FROZEN_PILOT_CEILING
2006-08-10,NOT_REQUESTED_FROZEN_PILOT_CEILING
2006-08-17,NOT_REQUESTED_FROZEN_PILOT_CEILING
2006-08-24,NOT_REQUESTED_FROZEN_PILOT_CEILING
2006-08-31,NOT_REQUESTED_FROZEN_PILOT_CEILING
2006-09-07,NOT_REQUESTED_FROZEN_PILOT_CEILING
2006-09-14,NOT_REQUESTED_FROZEN_PILOT_CEILING
2006-09-21,NOT_REQUESTED_FROZEN_PILOT_CEILING
2006-09-28,NOT_REQUESTED_FROZEN_PILOT_CEILING
2006-10-05,NOT_REQUESTED_FROZEN_PILOT_CEILING
2006-10-12,NOT_REQUESTED_FROZEN_PILOT_CEILING
2006-10-19,NOT_REQUESTED_FROZEN_PILOT_CEILING
2006-10-26,NOT_REQUESTED_FROZEN_PILOT_CEILING
2006-11-02,NOT_REQUESTED_FROZEN_PILOT_CEILING
2006-11-09,NOT_REQUESTED_FROZEN_PILOT_CEILING
2006-11-16,NOT_REQUESTED_FROZEN_PILOT_CEILING
2006-11-24,NOT_REQUESTED_FROZEN_PILOT_CEILING
2006-11-30,NOT_REQUESTED_FROZEN_PILOT_CEILING
2006-12-07,NOT_REQUESTED_FROZEN_PILOT_CEILING
2006-12-14,NOT_REQUESTED_FROZEN_PILOT_CEILING
2006-12-21,NOT_REQUESTED_FROZEN_PILOT_CEILING
2006-12-28,NOT_REQUESTED_FROZEN_PILOT_CEILING
2007-01-04,NOT_REQUESTED_FROZEN_PILOT_CEILING
2007-01-11,NOT_REQUESTED_FROZEN_PILOT_CEILING
2007-01-18,NOT_REQUESTED_FROZEN_PILOT_CEILING
2007-01-25,NOT_REQUESTED_FROZEN_PILOT_CEILING
2007-02-01,NOT_REQUESTED_FROZEN_PILOT_CEILING
2007-02-08,NOT_REQUESTED_FROZEN_PILOT_CEILING
2007-02-15,NOT_REQUESTED_FROZEN_PILOT_CEILING
2007-02-22,NOT_REQUESTED_FROZEN_PILOT_CEILING
2007-03-01,NOT_REQUESTED_FROZEN_PILOT_CEILING
2007-03-08,NOT_REQUESTED_FROZEN_PILOT_CEILING
2007-03-15,NOT_REQUESTED_FROZEN_PILOT_CEILING
2007-03-22,NOT_REQUESTED_FROZEN_PILOT_CEILING
2007-03-29,NOT_REQUESTED_FROZEN_PILOT_CEILING
2007-04-05,NOT_REQUESTED_FROZEN_PILOT_CEILING
2007-04-12,NOT_REQUESTED_FROZEN_PILOT_CEILING
2007-04-19,NOT_REQUESTED_FROZEN_PILOT_CEILING
2007-04-26,NOT_REQUESTED_FROZEN_PILOT_CEILING
2007-05-03,NOT_REQUESTED_FROZEN_PILOT_CEILING
2007-05-10,NOT_REQUESTED_FROZEN_PILOT_CEILING
2007-05-17,NOT_REQUESTED_FROZEN_PILOT_CEILING
2007-05-24,NOT_REQUESTED_FROZEN_PILOT_CEILING
2007-05-31,NOT_REQUESTED_FROZEN_PILOT_CEILING
2007-06-07,NOT_REQUESTED_FROZEN_PILOT_CEILING
2007-06-14,NOT_REQUESTED_FROZEN_PILOT_CEILING
2007-06-21,NOT_REQUESTED_FROZEN_PILOT_CEILING
2007-06-28,NOT_REQUESTED_FROZEN_PILOT_CEILING
2007-07-05,NOT_REQUESTED_FROZEN_PILOT_CEILING
2007-07-12,NOT_REQUESTED_FROZEN_PILOT_CEILING
2007-07-19,NOT_REQUESTED_FROZEN_PILOT_CEILING
2007-07-26,NOT_REQUESTED_FROZEN_PILOT_CEILING
2007-08-02,NOT_REQUESTED_FROZEN_PILOT_CEILING
2007-08-09,NOT_REQUESTED_FROZEN_PILOT_CEILING
2007-08-16,NOT_REQUESTED_FROZEN_PILOT_CEILING
2007-08-23,NOT_REQUESTED_FROZEN_PILOT_CEILING
2007-08-30,NOT_REQUESTED_FROZEN_PILOT_CEILING
2007-09-06,NOT_REQUESTED_FROZEN_PILOT_CEILING
2007-09-13,NOT_REQUESTED_FROZEN_PILOT_CEILING
2007-09-20,NOT_REQUESTED_FROZEN_PILOT_CEILING
2007-09-27,NOT_REQUESTED_FROZEN_PILOT_CEILING
2007-10-04,NOT_REQUESTED_FROZEN_PILOT_CEILING
2007-10-11,NOT_REQUESTED_FROZEN_PILOT_CEILING
2007-10-18,NOT_REQUESTED_FROZEN_PILOT_CEILING
2007-10-25,NOT_REQUESTED_FROZEN_PILOT_CEILING
2007-11-01,NOT_REQUESTED_FROZEN_PILOT_CEILING
2007-11-08,NOT_REQUESTED_FROZEN_PILOT_CEILING
2007-11-15,NOT_REQUESTED_FROZEN_PILOT_CEILING
2007-11-23,NOT_REQUESTED_FROZEN_PILOT_CEILING
2007-11-29,NOT_REQUESTED_FROZEN_PILOT_CEILING
2007-12-06,NOT_REQUESTED_FROZEN_PILOT_CEILING
2007-12-13,NOT_REQUESTED_FROZEN_PILOT_CEILING
2007-12-20,NOT_REQUESTED_FROZEN_PILOT_CEILING
2007-12-27,NOT_REQUESTED_FROZEN_PILOT_CEILING
2008-01-03,NOT_REQUESTED_FROZEN_PILOT_CEILING
2008-01-10,NOT_REQUESTED_FROZEN_PILOT_CEILING
2008-01-17,NOT_REQUESTED_FROZEN_PILOT_CEILING
2008-01-24,NOT_REQUESTED_FROZEN_PILOT_CEILING
2008-01-31,NOT_REQUESTED_FROZEN_PILOT_CEILING
2008-02-07,NOT_REQUESTED_FROZEN_PILOT_CEILING
2008-02-14,NOT_REQUESTED_FROZEN_PILOT_CEILING
2008-02-21,NOT_REQUESTED_FROZEN_PILOT_CEILING
2008-02-28,NOT_REQUESTED_FROZEN_PILOT_CEILING
2008-03-06,NOT_REQUESTED_FROZEN_PILOT_CEILING
2008-03-13,NOT_REQUESTED_FROZEN_PILOT_CEILING
2008-03-20,NOT_REQUESTED_FROZEN_PILOT_CEILING
2008-03-27,NOT_REQUESTED_FROZEN_PILOT_CEILING
2008-04-03,NOT_REQUESTED_FROZEN_PILOT_CEILING
2008-04-10,NOT_REQUESTED_FROZEN_PILOT_CEILING
2008-04-17,NOT_REQUESTED_FROZEN_PILOT_CEILING
2008-04-24,NOT_REQUESTED_FROZEN_PILOT_CEILING
2008-05-01,NOT_REQUESTED_FROZEN_PILOT_CEILING
2008-05-08,NOT_REQUESTED_FROZEN_PILOT_CEILING
2008-05-15,NOT_REQUESTED_FROZEN_PILOT_CEILING
2008-05-22,NOT_REQUESTED_FROZEN_PILOT_CEILING
2008-05-29,NOT_REQUESTED_FROZEN_PILOT_CEILING
2008-06-05,NOT_REQUESTED_FROZEN_PILOT_CEILING
2008-06-12,NOT_REQUESTED_FROZEN_PILOT_CEILING
2008-06-19,NOT_REQUESTED_FROZEN_PILOT_CEILING
2008-06-26,NOT_REQUESTED_FROZEN_PILOT_CEILING
2008-07-03,NOT_REQUESTED_FROZEN_PILOT_CEILING
2008-07-10,NOT_REQUESTED_FROZEN_PILOT_CEILING
2008-07-17,NOT_REQUESTED_FROZEN_PILOT_CEILING
2008-07-24,NOT_REQUESTED_FROZEN_PILOT_CEILING
2008-07-31,NOT_REQUESTED_FROZEN_PILOT_CEILING
2008-08-07,NOT_REQUESTED_FROZEN_PILOT_CEILING
2008-08-14,NOT_REQUESTED_FROZEN_PILOT_CEILING
2008-08-21,NOT_REQUESTED_FROZEN_PILOT_CEILING
2008-08-28,NOT_REQUESTED_FROZEN_PILOT_CEILING
2008-09-04,NOT_REQUESTED_FROZEN_PILOT_CEILING
2008-09-11,NOT_REQUESTED_FROZEN_PILOT_CEILING
2008-09-18,NOT_REQUESTED_FROZEN_PILOT_CEILING
2008-09-25,NOT_REQUESTED_FROZEN_PILOT_CEILING
2008-10-02,NOT_REQUESTED_FROZEN_PILOT_CEILING
2008-10-09,NOT_REQUESTED_FROZEN_PILOT_CEILING
2008-10-16,NOT_REQUESTED_FROZEN_PILOT_CEILING
2008-10-23,NOT_REQUESTED_FROZEN_PILOT_CEILING
2008-10-30,NOT_REQUESTED_FROZEN_PILOT_CEILING
2008-11-06,NOT_REQUESTED_FROZEN_PILOT_CEILING
2008-11-13,NOT_REQUESTED_FROZEN_PILOT_CEILING
2008-11-20,NOT_REQUESTED_FROZEN_PILOT_CEILING
2008-11-28,NOT_REQUESTED_FROZEN_PILOT_CEILING
2008-12-04,NOT_REQUESTED_FROZEN_PILOT_CEILING
2008-12-11,NOT_REQUESTED_FROZEN_PILOT_CEILING
2008-12-18,NOT_REQUESTED_FROZEN_PILOT_CEILING
2008-12-29,NOT_REQUESTED_FROZEN_PILOT_CEILING
2009-01-02,NOT_REQUESTED_FROZEN_PILOT_CEILING
2009-01-08,NOT_REQUESTED_FROZEN_PILOT_CEILING
2009-01-15,NOT_REQUESTED_FROZEN_PILOT_CEILING
2009-01-22,NOT_REQUESTED_FROZEN_PILOT_CEILING
2009-01-29,NOT_REQUESTED_FROZEN_PILOT_CEILING
2009-02-05,NOT_REQUESTED_FROZEN_PILOT_CEILING
2009-02-12,NOT_REQUESTED_FROZEN_PILOT_CEILING
2009-02-19,NOT_REQUESTED_FROZEN_PILOT_CEILING
2009-02-26,NOT_REQUESTED_FROZEN_PILOT_CEILING
2009-03-05,NOT_REQUESTED_FROZEN_PILOT_CEILING
2009-03-12,NOT_REQUESTED_FROZEN_PILOT_CEILING
2009-03-19,NOT_REQUESTED_FROZEN_PILOT_CEILING
2009-03-26,NOT_REQUESTED_FROZEN_PILOT_CEILING
2009-04-02,NOT_REQUESTED_FROZEN_PILOT_CEILING
2009-04-09,NOT_REQUESTED_FROZEN_PILOT_CEILING
2009-04-16,NOT_REQUESTED_FROZEN_PILOT_CEILING
2009-04-23,NOT_REQUESTED_FROZEN_PILOT_CEILING
2009-04-30,NOT_REQUESTED_FROZEN_PILOT_CEILING
2009-05-07,NOT_REQUESTED_FROZEN_PILOT_CEILING
2009-05-14,NOT_REQUESTED_FROZEN_PILOT_CEILING
2009-05-21,NOT_REQUESTED_FROZEN_PILOT_CEILING
2009-05-28,NOT_REQUESTED_FROZEN_PILOT_CEILING
2009-06-04,NOT_REQUESTED_FROZEN_PILOT_CEILING
2009-06-11,NOT_REQUESTED_FROZEN_PILOT_CEILING
2009-06-18,NOT_REQUESTED_FROZEN_PILOT_CEILING
2009-06-25,NOT_REQUESTED_FROZEN_PILOT_CEILING
2009-07-02,NOT_REQUESTED_FROZEN_PILOT_CEILING
2009-07-09,NOT_REQUESTED_FROZEN_PILOT_CEILING
2009-07-16,NOT_REQUESTED_FROZEN_PILOT_CEILING
2009-07-23,NOT_REQUESTED_FROZEN_PILOT_CEILING
2009-07-30,NOT_REQUESTED_FROZEN_PILOT_CEILING
2009-08-06,NOT_REQUESTED_FROZEN_PILOT_CEILING
2009-08-13,NOT_REQUESTED_FROZEN_PILOT_CEILING
2009-08-20,NOT_REQUESTED_FROZEN_PILOT_CEILING
2009-08-27,NOT_REQUESTED_FROZEN_PILOT_CEILING
2009-09-03,NOT_REQUESTED_FROZEN_PILOT_CEILING
2009-09-10,NOT_REQUESTED_FROZEN_PILOT_CEILING
2009-09-17,NOT_REQUESTED_FROZEN_PILOT_CEILING
2009-09-24,NOT_REQUESTED_FROZEN_PILOT_CEILING
2009-10-01,NOT_REQUESTED_FROZEN_PILOT_CEILING
2009-10-08,NOT_REQUESTED_FROZEN_PILOT_CEILING
2009-10-15,NOT_REQUESTED_FROZEN_PILOT_CEILING
2009-10-22,NOT_REQUESTED_FROZEN_PILOT_CEILING
2009-10-29,NOT_REQUESTED_FROZEN_PILOT_CEILING
2009-11-05,NOT_REQUESTED_FROZEN_PILOT_CEILING
2009-11-12,NOT_REQUESTED_FROZEN_PILOT_CEILING
2009-11-19,NOT_REQUESTED_FROZEN_PILOT_CEILING
2009-11-27,NOT_REQUESTED_FROZEN_PILOT_CEILING
2009-12-03,NOT_REQUESTED_FROZEN_PILOT_CEILING
2009-12-10,NOT_REQUESTED_FROZEN_PILOT_CEILING
2009-12-17,NOT_REQUESTED_FROZEN_PILOT_CEILING
2009-12-28,NOT_REQUESTED_FROZEN_PILOT_CEILING
2009-12-31,NOT_REQUESTED_FROZEN_PILOT_CEILING
2010-01-07,NOT_REQUESTED_FROZEN_PILOT_CEILING
2010-01-14,NOT_REQUESTED_FROZEN_PILOT_CEILING
2010-01-21,NOT_REQUESTED_FROZEN_PILOT_CEILING
2010-01-28,NOT_REQUESTED_FROZEN_PILOT_CEILING
2010-02-04,NOT_REQUESTED_FROZEN_PILOT_CEILING
2010-02-11,NOT_REQUESTED_FROZEN_PILOT_CEILING
2010-02-18,NOT_REQUESTED_FROZEN_PILOT_CEILING
2010-02-25,NOT_REQUESTED_FROZEN_PILOT_CEILING
2010-03-04,NOT_REQUESTED_FROZEN_PILOT_CEILING
2010-03-11,NOT_REQUESTED_FROZEN_PILOT_CEILING
2010-03-18,NOT_REQUESTED_FROZEN_PILOT_CEILING
2010-03-25,NOT_REQUESTED_FROZEN_PILOT_CEILING
2010-04-01,NOT_REQUESTED_FROZEN_PILOT_CEILING
2010-04-08,NOT_REQUESTED_FROZEN_PILOT_CEILING
2010-04-15,NOT_REQUESTED_FROZEN_PILOT_CEILING
2010-04-22,NOT_REQUESTED_FROZEN_PILOT_CEILING
2010-04-29,NOT_REQUESTED_FROZEN_PILOT_CEILING
2010-05-06,NOT_REQUESTED_FROZEN_PILOT_CEILING
2010-05-13,NOT_REQUESTED_FROZEN_PILOT_CEILING
2010-05-20,NOT_REQUESTED_FROZEN_PILOT_CEILING
2010-05-27,NOT_REQUESTED_FROZEN_PILOT_CEILING
2010-06-03,NOT_REQUESTED_FROZEN_PILOT_CEILING
2010-06-10,NOT_REQUESTED_FROZEN_PILOT_CEILING
2010-06-17,NOT_REQUESTED_FROZEN_PILOT_CEILING
2010-06-24,NOT_REQUESTED_FROZEN_PILOT_CEILING
2010-07-01,NOT_REQUESTED_FROZEN_PILOT_CEILING
2010-07-08,NOT_REQUESTED_FROZEN_PILOT_CEILING
2010-07-15,NOT_REQUESTED_FROZEN_PILOT_CEILING
2010-07-22,NOT_REQUESTED_FROZEN_PILOT_CEILING
2010-07-29,NOT_REQUESTED_FROZEN_PILOT_CEILING
2010-08-05,NOT_REQUESTED_FROZEN_PILOT_CEILING
2010-08-12,NOT_REQUESTED_FROZEN_PILOT_CEILING
2010-08-19,NOT_REQUESTED_FROZEN_PILOT_CEILING
2010-08-26,NOT_REQUESTED_FROZEN_PILOT_CEILING
2010-09-02,NOT_REQUESTED_FROZEN_PILOT_CEILING
2010-09-09,NOT_REQUESTED_FROZEN_PILOT_CEILING
2010-09-16,NOT_REQUESTED_FROZEN_PILOT_CEILING
2010-09-23,NOT_REQUESTED_FROZEN_PILOT_CEILING
2010-09-30,NOT_REQUESTED_FROZEN_PILOT_CEILING
2010-10-07,NOT_REQUESTED_FROZEN_PILOT_CEILING
2010-10-14,NOT_REQUESTED_FROZEN_PILOT_CEILING
2010-10-21,NOT_REQUESTED_FROZEN_PILOT_CEILING
2010-10-28,NOT_REQUESTED_FROZEN_PILOT_CEILING
2010-11-04,NOT_REQUESTED_FROZEN_PILOT_CEILING
2010-11-12,NOT_REQUESTED_FROZEN_PILOT_CEILING
2010-11-18,NOT_REQUESTED_FROZEN_PILOT_CEILING
2010-11-26,NOT_REQUESTED_FROZEN_PILOT_CEILING
2010-12-02,NOT_REQUESTED_FROZEN_PILOT_CEILING
2010-12-09,NOT_REQUESTED_FROZEN_PILOT_CEILING
2010-12-16,NOT_REQUESTED_FROZEN_PILOT_CEILING
2010-12-23,NOT_REQUESTED_FROZEN_PILOT_CEILING
2010-12-30,NOT_REQUESTED_FROZEN_PILOT_CEILING
2011-01-06,NOT_REQUESTED_FROZEN_PILOT_CEILING
2011-01-13,NOT_REQUESTED_FROZEN_PILOT_CEILING
2011-01-20,NOT_REQUESTED_FROZEN_PILOT_CEILING
2011-01-27,NOT_REQUESTED_FROZEN_PILOT_CEILING
2011-02-03,NOT_REQUESTED_FROZEN_PILOT_CEILING
2011-02-10,NOT_REQUESTED_FROZEN_PILOT_CEILING
2011-02-17,NOT_REQUESTED_FROZEN_PILOT_CEILING
2011-02-24,NOT_REQUESTED_FROZEN_PILOT_CEILING
2011-03-03,NOT_REQUESTED_FROZEN_PILOT_CEILING
2011-03-10,NOT_REQUESTED_FROZEN_PILOT_CEILING
2011-03-17,NOT_REQUESTED_FROZEN_PILOT_CEILING
2011-03-24,NOT_REQUESTED_FROZEN_PILOT_CEILING
2011-03-31,NOT_REQUESTED_FROZEN_PILOT_CEILING
2011-04-07,NOT_REQUESTED_FROZEN_PILOT_CEILING
2011-04-14,NOT_REQUESTED_FROZEN_PILOT_CEILING
2011-04-21,NOT_REQUESTED_FROZEN_PILOT_CEILING
2011-04-28,NOT_REQUESTED_FROZEN_PILOT_CEILING
2011-05-05,NOT_REQUESTED_FROZEN_PILOT_CEILING
2011-05-12,NOT_REQUESTED_FROZEN_PILOT_CEILING
2011-05-19,NOT_REQUESTED_FROZEN_PILOT_CEILING
2011-05-26,NOT_REQUESTED_FROZEN_PILOT_CEILING
2011-06-02,NOT_REQUESTED_FROZEN_PILOT_CEILING
2011-06-09,NOT_REQUESTED_FROZEN_PILOT_CEILING
2011-06-16,NOT_REQUESTED_FROZEN_PILOT_CEILING
2011-06-23,NOT_REQUESTED_FROZEN_PILOT_CEILING
2011-06-30,NOT_REQUESTED_FROZEN_PILOT_CEILING
2011-07-07,NOT_REQUESTED_FROZEN_PILOT_CEILING
2011-07-14,NOT_REQUESTED_FROZEN_PILOT_CEILING
2011-07-21,NOT_REQUESTED_FROZEN_PILOT_CEILING
2011-07-28,NOT_REQUESTED_FROZEN_PILOT_CEILING
2011-08-04,NOT_REQUESTED_FROZEN_PILOT_CEILING
2011-08-11,NOT_REQUESTED_FROZEN_PILOT_CEILING
2011-08-18,NOT_REQUESTED_FROZEN_PILOT_CEILING
2011-08-25,NOT_REQUESTED_FROZEN_PILOT_CEILING
2011-09-01,NOT_REQUESTED_FROZEN_PILOT_CEILING
2011-09-08,NOT_REQUESTED_FROZEN_PILOT_CEILING
2011-09-15,NOT_REQUESTED_FROZEN_PILOT_CEILING
2011-09-22,NOT_REQUESTED_FROZEN_PILOT_CEILING
2011-09-29,NOT_REQUESTED_FROZEN_PILOT_CEILING
2011-10-06,NOT_REQUESTED_FROZEN_PILOT_CEILING
2011-10-13,NOT_REQUESTED_FROZEN_PILOT_CEILING
2011-10-20,NOT_REQUESTED_FROZEN_PILOT_CEILING
2011-10-27,NOT_REQUESTED_FROZEN_PILOT_CEILING
2011-11-03,NOT_REQUESTED_FROZEN_PILOT_CEILING
2011-11-10,NOT_REQUESTED_FROZEN_PILOT_CEILING
2011-11-17,NOT_REQUESTED_FROZEN_PILOT_CEILING
2011-11-25,NOT_REQUESTED_FROZEN_PILOT_CEILING
2011-12-01,NOT_REQUESTED_FROZEN_PILOT_CEILING
2011-12-08,NOT_REQUESTED_FROZEN_PILOT_CEILING
2011-12-15,NOT_REQUESTED_FROZEN_PILOT_CEILING
2011-12-22,NOT_REQUESTED_FROZEN_PILOT_CEILING
2011-12-29,NOT_REQUESTED_FROZEN_PILOT_CEILING
2012-01-05,NOT_REQUESTED_FROZEN_PILOT_CEILING
2012-01-12,NOT_REQUESTED_FROZEN_PILOT_CEILING
2012-01-19,NOT_REQUESTED_FROZEN_PILOT_CEILING
2012-01-26,NOT_REQUESTED_FROZEN_PILOT_CEILING
2012-02-02,NOT_REQUESTED_FROZEN_PILOT_CEILING
2012-02-09,NOT_REQUESTED_FROZEN_PILOT_CEILING
2012-02-16,NOT_REQUESTED_FROZEN_PILOT_CEILING
2012-02-23,NOT_REQUESTED_FROZEN_PILOT_CEILING
2012-03-01,NOT_REQUESTED_FROZEN_PILOT_CEILING
2012-03-08,NOT_REQUESTED_FROZEN_PILOT_CEILING
2012-03-15,NOT_REQUESTED_FROZEN_PILOT_CEILING
2012-03-22,NOT_REQUESTED_FROZEN_PILOT_CEILING
2012-03-29,NOT_REQUESTED_FROZEN_PILOT_CEILING
2012-04-05,NOT_REQUESTED_FROZEN_PILOT_CEILING
2012-04-12,NOT_REQUESTED_FROZEN_PILOT_CEILING
2012-04-19,NOT_REQUESTED_FROZEN_PILOT_CEILING
2012-05-03,NOT_REQUESTED_FROZEN_PILOT_CEILING
2012-05-10,NOT_REQUESTED_FROZEN_PILOT_CEILING
2012-05-17,NOT_REQUESTED_FROZEN_PILOT_CEILING
2012-05-24,NOT_REQUESTED_FROZEN_PILOT_CEILING
2012-05-31,NOT_REQUESTED_FROZEN_PILOT_CEILING
2012-06-07,NOT_REQUESTED_FROZEN_PILOT_CEILING
2012-06-14,NOT_REQUESTED_FROZEN_PILOT_CEILING
2012-06-21,NOT_REQUESTED_FROZEN_PILOT_CEILING
2012-06-28,NOT_REQUESTED_FROZEN_PILOT_CEILING
2012-07-05,NOT_REQUESTED_FROZEN_PILOT_CEILING
2012-07-12,NOT_REQUESTED_FROZEN_PILOT_CEILING
2012-07-19,NOT_REQUESTED_FROZEN_PILOT_CEILING
2012-07-26,NOT_REQUESTED_FROZEN_PILOT_CEILING
2012-08-02,NOT_REQUESTED_FROZEN_PILOT_CEILING
2012-08-09,NOT_REQUESTED_FROZEN_PILOT_CEILING
2012-08-16,NOT_REQUESTED_FROZEN_PILOT_CEILING
2012-08-23,NOT_REQUESTED_FROZEN_PILOT_CEILING
2012-08-30,NOT_REQUESTED_FROZEN_PILOT_CEILING
2012-09-06,NOT_REQUESTED_FROZEN_PILOT_CEILING
2012-09-13,NOT_REQUESTED_FROZEN_PILOT_CEILING
2012-09-20,NOT_REQUESTED_FROZEN_PILOT_CEILING
2012-09-27,NOT_REQUESTED_FROZEN_PILOT_CEILING
2012-10-04,NOT_REQUESTED_FROZEN_PILOT_CEILING
2012-10-11,NOT_REQUESTED_FROZEN_PILOT_CEILING
2012-10-18,NOT_REQUESTED_FROZEN_PILOT_CEILING
2012-10-25,NOT_REQUESTED_FROZEN_PILOT_CEILING
2012-11-01,NOT_REQUESTED_FROZEN_PILOT_CEILING
2012-11-08,NOT_REQUESTED_FROZEN_PILOT_CEILING
2012-11-15,NOT_REQUESTED_FROZEN_PILOT_CEILING
2012-11-23,NOT_REQUESTED_FROZEN_PILOT_CEILING
2012-11-29,NOT_REQUESTED_FROZEN_PILOT_CEILING
2012-12-06,NOT_REQUESTED_FROZEN_PILOT_CEILING
2012-12-13,NOT_REQUESTED_FROZEN_PILOT_CEILING
2012-12-20,NOT_REQUESTED_FROZEN_PILOT_CEILING
2012-12-27,NOT_REQUESTED_FROZEN_PILOT_CEILING
2013-01-03,NOT_REQUESTED_FROZEN_PILOT_CEILING
2013-01-10,NOT_REQUESTED_FROZEN_PILOT_CEILING
2013-01-17,NOT_REQUESTED_FROZEN_PILOT_CEILING
2013-01-24,NOT_REQUESTED_FROZEN_PILOT_CEILING
2013-01-31,NOT_REQUESTED_FROZEN_PILOT_CEILING
2013-02-07,NOT_REQUESTED_FROZEN_PILOT_CEILING
2013-02-14,NOT_REQUESTED_FROZEN_PILOT_CEILING
2013-02-21,NOT_REQUESTED_FROZEN_PILOT_CEILING
2013-02-28,NOT_REQUESTED_FROZEN_PILOT_CEILING
2013-03-07,NOT_REQUESTED_FROZEN_PILOT_CEILING
2013-03-14,NOT_REQUESTED_FROZEN_PILOT_CEILING
2013-03-21,NOT_REQUESTED_FROZEN_PILOT_CEILING
2013-03-28,NOT_REQUESTED_FROZEN_PILOT_CEILING
2013-04-05,NOT_REQUESTED_FROZEN_PILOT_CEILING
2013-04-11,NOT_REQUESTED_FROZEN_PILOT_CEILING
2013-04-18,NOT_REQUESTED_FROZEN_PILOT_CEILING
2013-04-25,NOT_REQUESTED_FROZEN_PILOT_CEILING
2013-05-02,NOT_REQUESTED_FROZEN_PILOT_CEILING
2013-05-09,NOT_REQUESTED_FROZEN_PILOT_CEILING
2013-05-16,NOT_REQUESTED_FROZEN_PILOT_CEILING
2013-05-23,NOT_REQUESTED_FROZEN_PILOT_CEILING
2013-05-30,NOT_REQUESTED_FROZEN_PILOT_CEILING
2013-06-06,NOT_REQUESTED_FROZEN_PILOT_CEILING
2013-06-13,NOT_REQUESTED_FROZEN_PILOT_CEILING
2013-06-20,NOT_REQUESTED_FROZEN_PILOT_CEILING
2013-06-27,NOT_REQUESTED_FROZEN_PILOT_CEILING
2013-07-05,NOT_REQUESTED_FROZEN_PILOT_CEILING
2013-07-11,NOT_REQUESTED_FROZEN_PILOT_CEILING
2013-07-18,NOT_REQUESTED_FROZEN_PILOT_CEILING
2013-07-25,NOT_REQUESTED_FROZEN_PILOT_CEILING
2013-08-01,NOT_REQUESTED_FROZEN_PILOT_CEILING
2013-08-08,NOT_REQUESTED_FROZEN_PILOT_CEILING
2013-08-15,NOT_REQUESTED_FROZEN_PILOT_CEILING
2013-08-22,NOT_REQUESTED_FROZEN_PILOT_CEILING
2013-08-29,NOT_REQUESTED_FROZEN_PILOT_CEILING
2013-09-05,NOT_REQUESTED_FROZEN_PILOT_CEILING
2013-09-12,NOT_REQUESTED_FROZEN_PILOT_CEILING
2013-09-19,NOT_REQUESTED_FROZEN_PILOT_CEILING
2013-09-26,NOT_REQUESTED_FROZEN_PILOT_CEILING
2013-10-03,NOT_REQUESTED_FROZEN_PILOT_CEILING
2013-10-10,NOT_REQUESTED_FROZEN_PILOT_CEILING
2013-10-17,NOT_REQUESTED_FROZEN_PILOT_CEILING
2013-10-24,NOT_REQUESTED_FROZEN_PILOT_CEILING
2013-10-31,NOT_REQUESTED_FROZEN_PILOT_CEILING
2013-11-07,NOT_REQUESTED_FROZEN_PILOT_CEILING
2013-11-14,NOT_REQUESTED_FROZEN_PILOT_CEILING
2013-11-21,NOT_REQUESTED_FROZEN_PILOT_CEILING
2013-11-29,NOT_REQUESTED_FROZEN_PILOT_CEILING
2013-12-05,NOT_REQUESTED_FROZEN_PILOT_CEILING
2013-12-12,NOT_REQUESTED_FROZEN_PILOT_CEILING
2013-12-19,NOT_REQUESTED_FROZEN_PILOT_CEILING
2013-12-26,NOT_REQUESTED_FROZEN_PILOT_CEILING
2014-01-02,NOT_REQUESTED_FROZEN_PILOT_CEILING
2014-01-09,NOT_REQUESTED_FROZEN_PILOT_CEILING
2014-01-16,NOT_REQUESTED_FROZEN_PILOT_CEILING
2014-01-23,NOT_REQUESTED_FROZEN_PILOT_CEILING
2014-01-30,NOT_REQUESTED_FROZEN_PILOT_CEILING
2014-02-06,NOT_REQUESTED_FROZEN_PILOT_CEILING
2014-02-13,NOT_REQUESTED_FROZEN_PILOT_CEILING
2014-02-20,NOT_REQUESTED_FROZEN_PILOT_CEILING
2014-02-27,NOT_REQUESTED_FROZEN_PILOT_CEILING
2014-03-06,NOT_REQUESTED_FROZEN_PILOT_CEILING
2014-03-13,NOT_REQUESTED_FROZEN_PILOT_CEILING
2014-03-20,NOT_REQUESTED_FROZEN_PILOT_CEILING
2014-03-27,NOT_REQUESTED_FROZEN_PILOT_CEILING
2014-04-03,NOT_REQUESTED_FROZEN_PILOT_CEILING
2014-04-10,NOT_REQUESTED_FROZEN_PILOT_CEILING
2014-04-17,NOT_REQUESTED_FROZEN_PILOT_CEILING
2014-04-24,NOT_REQUESTED_FROZEN_PILOT_CEILING
2014-05-01,NOT_REQUESTED_FROZEN_PILOT_CEILING
2014-05-08,NOT_REQUESTED_FROZEN_PILOT_CEILING
2014-05-15,NOT_REQUESTED_FROZEN_PILOT_CEILING
2014-05-22,NOT_REQUESTED_FROZEN_PILOT_CEILING
2014-05-29,NOT_REQUESTED_FROZEN_PILOT_CEILING
2014-06-05,NOT_REQUESTED_FROZEN_PILOT_CEILING
2014-06-12,NOT_REQUESTED_FROZEN_PILOT_CEILING
2014-06-19,NOT_REQUESTED_FROZEN_PILOT_CEILING
2014-06-26,NOT_REQUESTED_FROZEN_PILOT_CEILING
2014-07-03,NOT_REQUESTED_FROZEN_PILOT_CEILING
2014-07-10,NOT_REQUESTED_FROZEN_PILOT_CEILING
2014-07-17,NOT_REQUESTED_FROZEN_PILOT_CEILING
2014-07-24,NOT_REQUESTED_FROZEN_PILOT_CEILING
2014-07-31,NOT_REQUESTED_FROZEN_PILOT_CEILING
2014-08-07,NOT_REQUESTED_FROZEN_PILOT_CEILING
2014-08-14,NOT_REQUESTED_FROZEN_PILOT_CEILING
2014-08-21,NOT_REQUESTED_FROZEN_PILOT_CEILING
2014-08-28,NOT_REQUESTED_FROZEN_PILOT_CEILING
2014-09-04,NOT_REQUESTED_FROZEN_PILOT_CEILING
2014-09-11,NOT_REQUESTED_FROZEN_PILOT_CEILING
2014-09-18,NOT_REQUESTED_FROZEN_PILOT_CEILING
2014-09-25,NOT_REQUESTED_FROZEN_PILOT_CEILING
2014-10-02,NOT_REQUESTED_FROZEN_PILOT_CEILING
2014-10-09,NOT_REQUESTED_FROZEN_PILOT_CEILING
2014-10-16,NOT_REQUESTED_FROZEN_PILOT_CEILING
2014-10-23,NOT_REQUESTED_FROZEN_PILOT_CEILING
2014-10-30,NOT_REQUESTED_FROZEN_PILOT_CEILING
2014-11-06,NOT_REQUESTED_FROZEN_PILOT_CEILING
2014-11-13,NOT_REQUESTED_FROZEN_PILOT_CEILING
2014-11-20,NOT_REQUESTED_FROZEN_PILOT_CEILING
2014-11-28,NOT_REQUESTED_FROZEN_PILOT_CEILING
2014-12-04,NOT_REQUESTED_FROZEN_PILOT_CEILING
2014-12-11,NOT_REQUESTED_FROZEN_PILOT_CEILING
2014-12-18,NOT_REQUESTED_FROZEN_PILOT_CEILING
2014-12-29,NOT_REQUESTED_FROZEN_PILOT_CEILING
2015-01-02,NOT_REQUESTED_FROZEN_PILOT_CEILING
2015-01-08,NOT_REQUESTED_FROZEN_PILOT_CEILING
2015-01-15,NOT_REQUESTED_FROZEN_PILOT_CEILING
2015-01-22,NOT_REQUESTED_FROZEN_PILOT_CEILING
2015-01-29,NOT_REQUESTED_FROZEN_PILOT_CEILING
2015-02-05,NOT_REQUESTED_FROZEN_PILOT_CEILING
2015-02-12,NOT_REQUESTED_FROZEN_PILOT_CEILING
2015-02-19,NOT_REQUESTED_FROZEN_PILOT_CEILING
2015-02-26,NOT_REQUESTED_FROZEN_PILOT_CEILING
2015-03-05,NOT_REQUESTED_FROZEN_PILOT_CEILING
2015-03-12,NOT_REQUESTED_FROZEN_PILOT_CEILING
2015-03-19,NOT_REQUESTED_FROZEN_PILOT_CEILING
2015-03-26,NOT_REQUESTED_FROZEN_PILOT_CEILING
2015-04-02,NOT_REQUESTED_FROZEN_PILOT_CEILING
2015-04-09,NOT_REQUESTED_FROZEN_PILOT_CEILING
2015-04-16,NOT_REQUESTED_FROZEN_PILOT_CEILING
2015-04-23,NOT_REQUESTED_FROZEN_PILOT_CEILING
2015-04-30,NOT_REQUESTED_FROZEN_PILOT_CEILING
2015-05-07,NOT_REQUESTED_FROZEN_PILOT_CEILING
2015-05-14,NOT_REQUESTED_FROZEN_PILOT_CEILING
2015-05-21,NOT_REQUESTED_FROZEN_PILOT_CEILING
2015-05-28,NOT_REQUESTED_FROZEN_PILOT_CEILING
2015-06-04,NOT_REQUESTED_FROZEN_PILOT_CEILING
2015-06-11,NOT_REQUESTED_FROZEN_PILOT_CEILING
2015-06-18,NOT_REQUESTED_FROZEN_PILOT_CEILING
2015-06-25,NOT_REQUESTED_FROZEN_PILOT_CEILING
2015-07-02,NOT_REQUESTED_FROZEN_PILOT_CEILING
2015-07-09,NOT_REQUESTED_FROZEN_PILOT_CEILING
2015-07-16,NOT_REQUESTED_FROZEN_PILOT_CEILING
2015-07-23,NOT_REQUESTED_FROZEN_PILOT_CEILING
2015-07-30,NOT_REQUESTED_FROZEN_PILOT_CEILING
2015-08-06,NOT_REQUESTED_FROZEN_PILOT_CEILING
2015-08-13,NOT_REQUESTED_FROZEN_PILOT_CEILING
2015-08-20,NOT_REQUESTED_FROZEN_PILOT_CEILING
2015-08-27,NOT_REQUESTED_FROZEN_PILOT_CEILING
2015-09-03,NOT_REQUESTED_FROZEN_PILOT_CEILING
2015-09-10,NOT_REQUESTED_FROZEN_PILOT_CEILING
2015-09-17,NOT_REQUESTED_FROZEN_PILOT_CEILING
2015-09-24,NOT_REQUESTED_FROZEN_PILOT_CEILING
2015-10-01,NOT_REQUESTED_FROZEN_PILOT_CEILING
2015-10-08,NOT_REQUESTED_FROZEN_PILOT_CEILING
2015-10-15,NOT_REQUESTED_FROZEN_PILOT_CEILING
2015-10-22,NOT_REQUESTED_FROZEN_PILOT_CEILING
2015-10-29,NOT_REQUESTED_FROZEN_PILOT_CEILING
2015-11-05,NOT_REQUESTED_FROZEN_PILOT_CEILING
2015-11-12,NOT_REQUESTED_FROZEN_PILOT_CEILING
2015-11-19,NOT_REQUESTED_FROZEN_PILOT_CEILING
2015-11-27,NOT_REQUESTED_FROZEN_PILOT_CEILING
2015-12-03,NOT_REQUESTED_FROZEN_PILOT_CEILING
2015-12-10,NOT_REQUESTED_FROZEN_PILOT_CEILING
2015-12-17,NOT_REQUESTED_FROZEN_PILOT_CEILING
2015-12-24,NOT_REQUESTED_FROZEN_PILOT_CEILING
2015-12-31,NOT_REQUESTED_FROZEN_PILOT_CEILING
2016-01-07,NOT_REQUESTED_FROZEN_PILOT_CEILING
2016-01-14,NOT_REQUESTED_FROZEN_PILOT_CEILING
2016-01-21,NOT_REQUESTED_FROZEN_PILOT_CEILING
2016-01-28,NOT_REQUESTED_FROZEN_PILOT_CEILING
2016-02-04,NOT_REQUESTED_FROZEN_PILOT_CEILING
2016-02-11,NOT_REQUESTED_FROZEN_PILOT_CEILING
2016-02-18,NOT_REQUESTED_FROZEN_PILOT_CEILING
2016-02-25,NOT_REQUESTED_FROZEN_PILOT_CEILING
2016-03-03,NOT_REQUESTED_FROZEN_PILOT_CEILING
2016-03-10,NOT_REQUESTED_FROZEN_PILOT_CEILING
2016-03-17,NOT_REQUESTED_FROZEN_PILOT_CEILING
2016-03-24,NOT_REQUESTED_FROZEN_PILOT_CEILING
2016-03-31,NOT_REQUESTED_FROZEN_PILOT_CEILING
2016-04-07,NOT_REQUESTED_FROZEN_PILOT_CEILING
2016-04-14,NOT_REQUESTED_FROZEN_PILOT_CEILING
2016-04-21,NOT_REQUESTED_FROZEN_PILOT_CEILING
2016-04-28,NOT_REQUESTED_FROZEN_PILOT_CEILING
2016-05-05,NOT_REQUESTED_FROZEN_PILOT_CEILING
2016-05-12,NOT_REQUESTED_FROZEN_PILOT_CEILING
2016-05-19,NOT_REQUESTED_FROZEN_PILOT_CEILING
2016-05-26,NOT_REQUESTED_FROZEN_PILOT_CEILING
2016-06-02,NOT_REQUESTED_FROZEN_PILOT_CEILING
2016-06-09,NOT_REQUESTED_FROZEN_PILOT_CEILING
2016-06-16,NOT_REQUESTED_FROZEN_PILOT_CEILING
2016-06-23,NOT_REQUESTED_FROZEN_PILOT_CEILING
2016-06-30,NOT_REQUESTED_FROZEN_PILOT_CEILING
2016-07-07,NOT_REQUESTED_FROZEN_PILOT_CEILING
2016-07-14,NOT_REQUESTED_FROZEN_PILOT_CEILING
2016-07-21,NOT_REQUESTED_FROZEN_PILOT_CEILING
2016-07-28,NOT_REQUESTED_FROZEN_PILOT_CEILING
2016-08-04,NOT_REQUESTED_FROZEN_PILOT_CEILING
2016-08-11,NOT_REQUESTED_FROZEN_PILOT_CEILING
2016-08-18,NOT_REQUESTED_FROZEN_PILOT_CEILING
2016-08-25,NOT_REQUESTED_FROZEN_PILOT_CEILING
2016-09-01,NOT_REQUESTED_FROZEN_PILOT_CEILING
2016-09-08,NOT_REQUESTED_FROZEN_PILOT_CEILING
2016-09-15,NOT_REQUESTED_FROZEN_PILOT_CEILING
2016-09-22,NOT_REQUESTED_FROZEN_PILOT_CEILING
2016-09-29,NOT_REQUESTED_FROZEN_PILOT_CEILING
2016-10-06,NOT_REQUESTED_FROZEN_PILOT_CEILING
2016-10-13,NOT_REQUESTED_FROZEN_PILOT_CEILING
2016-10-20,NOT_REQUESTED_FROZEN_PILOT_CEILING
2016-10-27,NOT_REQUESTED_FROZEN_PILOT_CEILING
2016-11-03,NOT_REQUESTED_FROZEN_PILOT_CEILING
2016-11-10,NOT_REQUESTED_FROZEN_PILOT_CEILING
2016-11-18,NOT_REQUESTED_FROZEN_PILOT_CEILING
2016-11-25,NOT_REQUESTED_FROZEN_PILOT_CEILING
2016-12-01,NOT_REQUESTED_FROZEN_PILOT_CEILING
2016-12-08,NOT_REQUESTED_FROZEN_PILOT_CEILING
2016-12-15,NOT_REQUESTED_FROZEN_PILOT_CEILING
2016-12-22,NOT_REQUESTED_FROZEN_PILOT_CEILING
2016-12-29,NOT_REQUESTED_FROZEN_PILOT_CEILING
2017-01-05,NOT_REQUESTED_FROZEN_PILOT_CEILING
2017-01-12,NOT_REQUESTED_FROZEN_PILOT_CEILING
2017-01-19,NOT_REQUESTED_FROZEN_PILOT_CEILING
2017-01-26,NOT_REQUESTED_FROZEN_PILOT_CEILING
2017-02-02,NOT_REQUESTED_FROZEN_PILOT_CEILING
2017-02-09,NOT_REQUESTED_FROZEN_PILOT_CEILING
2017-02-16,NOT_REQUESTED_FROZEN_PILOT_CEILING
2017-02-23,NOT_REQUESTED_FROZEN_PILOT_CEILING
2017-03-02,NOT_REQUESTED_FROZEN_PILOT_CEILING
2017-03-09,NOT_REQUESTED_FROZEN_PILOT_CEILING
2017-03-16,NOT_REQUESTED_FROZEN_PILOT_CEILING
2017-03-23,NOT_REQUESTED_FROZEN_PILOT_CEILING
2017-03-30,NOT_REQUESTED_FROZEN_PILOT_CEILING
2017-04-06,NOT_REQUESTED_FROZEN_PILOT_CEILING
2017-04-13,NOT_REQUESTED_FROZEN_PILOT_CEILING
2017-04-20,NOT_REQUESTED_FROZEN_PILOT_CEILING
2017-04-27,NOT_REQUESTED_FROZEN_PILOT_CEILING
2017-05-04,NOT_REQUESTED_FROZEN_PILOT_CEILING
2017-05-11,NOT_REQUESTED_FROZEN_PILOT_CEILING
2017-05-18,NOT_REQUESTED_FROZEN_PILOT_CEILING
2017-05-25,NOT_REQUESTED_FROZEN_PILOT_CEILING
2017-06-01,NOT_REQUESTED_FROZEN_PILOT_CEILING
2017-06-08,NOT_REQUESTED_FROZEN_PILOT_CEILING
2017-06-15,NOT_REQUESTED_FROZEN_PILOT_CEILING
2017-06-22,NOT_REQUESTED_FROZEN_PILOT_CEILING
2017-06-29,NOT_REQUESTED_FROZEN_PILOT_CEILING
2017-07-06,NOT_REQUESTED_FROZEN_PILOT_CEILING
2017-07-13,NOT_REQUESTED_FROZEN_PILOT_CEILING
2017-07-20,NOT_REQUESTED_FROZEN_PILOT_CEILING
2017-07-27,NOT_REQUESTED_FROZEN_PILOT_CEILING
2017-08-03,NOT_REQUESTED_FROZEN_PILOT_CEILING
2017-08-10,NOT_REQUESTED_FROZEN_PILOT_CEILING
2017-08-17,NOT_REQUESTED_FROZEN_PILOT_CEILING
2017-08-24,NOT_REQUESTED_FROZEN_PILOT_CEILING
2017-08-31,NOT_REQUESTED_FROZEN_PILOT_CEILING
2017-09-07,NOT_REQUESTED_FROZEN_PILOT_CEILING
2017-09-14,NOT_REQUESTED_FROZEN_PILOT_CEILING
2017-09-21,NOT_REQUESTED_FROZEN_PILOT_CEILING
2017-09-28,NOT_REQUESTED_FROZEN_PILOT_CEILING
2017-10-05,NOT_REQUESTED_FROZEN_PILOT_CEILING
2017-10-12,NOT_REQUESTED_FROZEN_PILOT_CEILING
2017-10-19,NOT_REQUESTED_FROZEN_PILOT_CEILING
2017-10-26,NOT_REQUESTED_FROZEN_PILOT_CEILING
2017-11-02,NOT_REQUESTED_FROZEN_PILOT_CEILING
2017-11-09,NOT_REQUESTED_FROZEN_PILOT_CEILING
2017-11-16,NOT_REQUESTED_FROZEN_PILOT_CEILING
2017-11-23,NOT_REQUESTED_FROZEN_PILOT_CEILING
2017-11-30,NOT_REQUESTED_FROZEN_PILOT_CEILING
2017-12-07,NOT_REQUESTED_FROZEN_PILOT_CEILING
2017-12-14,NOT_REQUESTED_FROZEN_PILOT_CEILING
2017-12-21,NOT_REQUESTED_FROZEN_PILOT_CEILING
2017-12-28,NOT_REQUESTED_FROZEN_PILOT_CEILING
2018-01-04,NOT_REQUESTED_FROZEN_PILOT_CEILING
2018-01-11,NOT_REQUESTED_FROZEN_PILOT_CEILING
2018-01-18,NOT_REQUESTED_FROZEN_PILOT_CEILING
2018-01-25,NOT_REQUESTED_FROZEN_PILOT_CEILING
2018-02-01,NOT_REQUESTED_FROZEN_PILOT_CEILING
2018-02-08,NOT_REQUESTED_FROZEN_PILOT_CEILING
2018-02-15,NOT_REQUESTED_FROZEN_PILOT_CEILING
2018-02-22,NOT_REQUESTED_FROZEN_PILOT_CEILING
2018-03-01,NOT_REQUESTED_FROZEN_PILOT_CEILING
2018-03-08,NOT_REQUESTED_FROZEN_PILOT_CEILING
2018-03-15,NOT_REQUESTED_FROZEN_PILOT_CEILING
2018-03-22,NOT_REQUESTED_FROZEN_PILOT_CEILING
2018-03-29,NOT_REQUESTED_FROZEN_PILOT_CEILING
2018-04-05,NOT_REQUESTED_FROZEN_PILOT_CEILING
2018-04-12,NOT_REQUESTED_FROZEN_PILOT_CEILING
2018-04-19,NOT_REQUESTED_FROZEN_PILOT_CEILING
2018-04-26,NOT_REQUESTED_FROZEN_PILOT_CEILING
2018-05-03,NOT_REQUESTED_FROZEN_PILOT_CEILING
2018-05-10,NOT_REQUESTED_FROZEN_PILOT_CEILING
2018-05-17,NOT_REQUESTED_FROZEN_PILOT_CEILING
2018-05-24,NOT_REQUESTED_FROZEN_PILOT_CEILING
2018-05-31,NOT_REQUESTED_FROZEN_PILOT_CEILING
2018-06-07,NOT_REQUESTED_FROZEN_PILOT_CEILING
2018-06-14,NOT_REQUESTED_FROZEN_PILOT_CEILING
2018-06-21,NOT_REQUESTED_FROZEN_PILOT_CEILING
2018-06-28,NOT_REQUESTED_FROZEN_PILOT_CEILING
2018-07-05,NOT_REQUESTED_FROZEN_PILOT_CEILING
2018-07-12,NOT_REQUESTED_FROZEN_PILOT_CEILING
2018-07-19,NOT_REQUESTED_FROZEN_PILOT_CEILING
2018-07-26,NOT_REQUESTED_FROZEN_PILOT_CEILING
2018-08-02,NOT_REQUESTED_FROZEN_PILOT_CEILING
2018-08-09,NOT_REQUESTED_FROZEN_PILOT_CEILING
2018-08-16,NOT_REQUESTED_FROZEN_PILOT_CEILING
2018-08-23,NOT_REQUESTED_FROZEN_PILOT_CEILING
2018-08-30,NOT_REQUESTED_FROZEN_PILOT_CEILING
2018-09-06,NOT_REQUESTED_FROZEN_PILOT_CEILING
2018-09-13,NOT_REQUESTED_FROZEN_PILOT_CEILING
2018-09-20,NOT_REQUESTED_FROZEN_PILOT_CEILING
2018-09-27,NOT_REQUESTED_FROZEN_PILOT_CEILING
2018-10-04,NOT_REQUESTED_FROZEN_PILOT_CEILING
2018-10-11,NOT_REQUESTED_FROZEN_PILOT_CEILING
2018-10-18,NOT_REQUESTED_FROZEN_PILOT_CEILING
2018-10-25,NOT_REQUESTED_FROZEN_PILOT_CEILING
2018-11-01,NOT_REQUESTED_FROZEN_PILOT_CEILING
2018-11-08,NOT_REQUESTED_FROZEN_PILOT_CEILING
2018-11-15,NOT_REQUESTED_FROZEN_PILOT_CEILING
2018-11-23,NOT_REQUESTED_FROZEN_PILOT_CEILING
2018-11-29,NOT_REQUESTED_FROZEN_PILOT_CEILING
2018-12-06,NOT_REQUESTED_FROZEN_PILOT_CEILING
2018-12-13,NOT_REQUESTED_FROZEN_PILOT_CEILING
2018-12-20,NOT_REQUESTED_FROZEN_PILOT_CEILING
2018-12-27,NOT_REQUESTED_FROZEN_PILOT_CEILING
2019-01-03,NOT_REQUESTED_FROZEN_PILOT_CEILING
2019-01-10,NOT_REQUESTED_FROZEN_PILOT_CEILING
2019-01-17,NOT_REQUESTED_FROZEN_PILOT_CEILING
2019-01-24,NOT_REQUESTED_FROZEN_PILOT_CEILING
2019-01-31,NOT_REQUESTED_FROZEN_PILOT_CEILING
2019-02-07,NOT_REQUESTED_FROZEN_PILOT_CEILING
2019-02-14,NOT_REQUESTED_FROZEN_PILOT_CEILING
2019-02-21,NOT_REQUESTED_FROZEN_PILOT_CEILING
2019-02-28,NOT_REQUESTED_FROZEN_PILOT_CEILING
2019-03-07,NOT_REQUESTED_FROZEN_PILOT_CEILING
2019-03-14,NOT_REQUESTED_FROZEN_PILOT_CEILING
2019-03-21,NOT_REQUESTED_FROZEN_PILOT_CEILING
2019-03-28,NOT_REQUESTED_FROZEN_PILOT_CEILING
2019-04-04,NOT_REQUESTED_FROZEN_PILOT_CEILING
2019-04-11,NOT_REQUESTED_FROZEN_PILOT_CEILING
2019-04-18,NOT_REQUESTED_FROZEN_PILOT_CEILING
2019-04-25,NOT_REQUESTED_FROZEN_PILOT_CEILING
2019-05-02,NOT_REQUESTED_FROZEN_PILOT_CEILING
2019-05-09,NOT_REQUESTED_FROZEN_PILOT_CEILING
2019-05-16,NOT_REQUESTED_FROZEN_PILOT_CEILING
2019-05-23,NOT_REQUESTED_FROZEN_PILOT_CEILING
2019-05-30,NOT_REQUESTED_FROZEN_PILOT_CEILING
2019-06-06,NOT_REQUESTED_FROZEN_PILOT_CEILING
2019-06-13,NOT_REQUESTED_FROZEN_PILOT_CEILING
2019-06-20,NOT_REQUESTED_FROZEN_PILOT_CEILING
2019-06-27,NOT_REQUESTED_FROZEN_PILOT_CEILING
2019-07-05,NOT_REQUESTED_FROZEN_PILOT_CEILING
2019-07-11,NOT_REQUESTED_FROZEN_PILOT_CEILING
2019-07-18,NOT_REQUESTED_FROZEN_PILOT_CEILING
2019-07-25,NOT_REQUESTED_FROZEN_PILOT_CEILING
2019-08-01,NOT_REQUESTED_FROZEN_PILOT_CEILING
2019-08-08,NOT_REQUESTED_FROZEN_PILOT_CEILING
2019-08-15,NOT_REQUESTED_FROZEN_PILOT_CEILING
2019-08-22,NOT_REQUESTED_FROZEN_PILOT_CEILING
2019-08-29,NOT_REQUESTED_FROZEN_PILOT_CEILING
2019-09-05,NOT_REQUESTED_FROZEN_PILOT_CEILING
2019-09-12,NOT_REQUESTED_FROZEN_PILOT_CEILING
2019-09-19,NOT_REQUESTED_FROZEN_PILOT_CEILING
2019-09-26,NOT_REQUESTED_FROZEN_PILOT_CEILING
2019-10-03,NOT_REQUESTED_FROZEN_PILOT_CEILING
2019-10-10,NOT_REQUESTED_FROZEN_PILOT_CEILING
2019-10-17,NOT_REQUESTED_FROZEN_PILOT_CEILING
2019-10-24,NOT_REQUESTED_FROZEN_PILOT_CEILING
2019-10-31,NOT_REQUESTED_FROZEN_PILOT_CEILING
2019-11-07,NOT_REQUESTED_FROZEN_PILOT_CEILING
2019-11-14,NOT_REQUESTED_FROZEN_PILOT_CEILING
2019-11-21,NOT_REQUESTED_FROZEN_PILOT_CEILING
2019-11-29,NOT_REQUESTED_FROZEN_PILOT_CEILING
2019-12-05,NOT_REQUESTED_FROZEN_PILOT_CEILING
2019-12-12,NOT_REQUESTED_FROZEN_PILOT_CEILING
2019-12-19,NOT_REQUESTED_FROZEN_PILOT_CEILING
2019-12-26,NOT_REQUESTED_FROZEN_PILOT_CEILING
2020-01-02,NOT_REQUESTED_FROZEN_PILOT_CEILING
2020-01-09,NOT_REQUESTED_FROZEN_PILOT_CEILING
2020-01-16,NOT_REQUESTED_FROZEN_PILOT_CEILING
2020-01-23,NOT_REQUESTED_FROZEN_PILOT_CEILING
2020-01-30,NOT_REQUESTED_FROZEN_PILOT_CEILING
2020-02-06,NOT_REQUESTED_FROZEN_PILOT_CEILING
2020-02-13,NOT_REQUESTED_FROZEN_PILOT_CEILING
2020-02-20,NOT_REQUESTED_FROZEN_PILOT_CEILING
2020-02-27,NOT_REQUESTED_FROZEN_PILOT_CEILING
2020-03-05,NOT_REQUESTED_FROZEN_PILOT_CEILING
2020-03-12,NOT_REQUESTED_FROZEN_PILOT_CEILING
2020-03-19,NOT_REQUESTED_FROZEN_PILOT_CEILING
2020-03-26,NOT_REQUESTED_FROZEN_PILOT_CEILING
2020-04-02,NOT_REQUESTED_FROZEN_PILOT_CEILING
2020-04-09,NOT_REQUESTED_FROZEN_PILOT_CEILING
2020-04-16,NOT_REQUESTED_FROZEN_PILOT_CEILING
2020-04-23,NOT_REQUESTED_FROZEN_PILOT_CEILING
2020-04-30,NOT_REQUESTED_FROZEN_PILOT_CEILING
2020-05-07,NOT_REQUESTED_FROZEN_PILOT_CEILING
2020-05-14,NOT_REQUESTED_FROZEN_PILOT_CEILING
2020-05-21,NOT_REQUESTED_FROZEN_PILOT_CEILING
2020-05-28,NOT_REQUESTED_FROZEN_PILOT_CEILING
2020-06-04,NOT_REQUESTED_FROZEN_PILOT_CEILING
2020-06-11,NOT_REQUESTED_FROZEN_PILOT_CEILING
2020-06-18,NOT_REQUESTED_FROZEN_PILOT_CEILING
2020-06-25,NOT_REQUESTED_FROZEN_PILOT_CEILING
2020-07-02,NOT_REQUESTED_FROZEN_PILOT_CEILING
2020-07-09,NOT_REQUESTED_FROZEN_PILOT_CEILING
2020-07-16,NOT_REQUESTED_FROZEN_PILOT_CEILING
2020-07-23,NOT_REQUESTED_FROZEN_PILOT_CEILING
2020-07-30,NOT_REQUESTED_FROZEN_PILOT_CEILING
2020-08-06,NOT_REQUESTED_FROZEN_PILOT_CEILING
2020-08-13,NOT_REQUESTED_FROZEN_PILOT_CEILING
2020-08-20,NOT_REQUESTED_FROZEN_PILOT_CEILING
2020-08-27,NOT_REQUESTED_FROZEN_PILOT_CEILING
2020-09-03,NOT_REQUESTED_FROZEN_PILOT_CEILING
2020-09-10,NOT_REQUESTED_FROZEN_PILOT_CEILING
2020-09-17,NOT_REQUESTED_FROZEN_PILOT_CEILING
2020-09-24,NOT_REQUESTED_FROZEN_PILOT_CEILING
2020-10-01,NOT_REQUESTED_FROZEN_PILOT_CEILING
2020-10-08,NOT_REQUESTED_FROZEN_PILOT_CEILING
2020-10-15,NOT_REQUESTED_FROZEN_PILOT_CEILING
2020-10-22,NOT_REQUESTED_FROZEN_PILOT_CEILING
2020-10-29,NOT_REQUESTED_FROZEN_PILOT_CEILING
2020-11-05,NOT_REQUESTED_FROZEN_PILOT_CEILING
2020-11-12,NOT_REQUESTED_FROZEN_PILOT_CEILING
2020-11-19,NOT_REQUESTED_FROZEN_PILOT_CEILING
2020-11-27,NOT_REQUESTED_FROZEN_PILOT_CEILING
2020-12-03,NOT_REQUESTED_FROZEN_PILOT_CEILING
2020-12-10,NOT_REQUESTED_FROZEN_PILOT_CEILING
2020-12-17,NOT_REQUESTED_FROZEN_PILOT_CEILING
2020-12-28,NOT_REQUESTED_FROZEN_PILOT_CEILING
2021-01-07,NOT_REQUESTED_FROZEN_PILOT_CEILING
2021-01-14,NOT_REQUESTED_FROZEN_PILOT_CEILING
2021-01-21,NOT_REQUESTED_FROZEN_PILOT_CEILING
2021-01-28,NOT_REQUESTED_FROZEN_PILOT_CEILING
2021-02-04,NOT_REQUESTED_FROZEN_PILOT_CEILING
2021-02-11,NOT_REQUESTED_FROZEN_PILOT_CEILING
2021-04-27,NOT_REQUESTED_FROZEN_PILOT_CEILING
2021-05-25,NOT_REQUESTED_FROZEN_PILOT_CEILING
2021-06-22,NOT_REQUESTED_FROZEN_PILOT_CEILING
2021-07-27,NOT_REQUESTED_FROZEN_PILOT_CEILING
2021-08-24,NOT_REQUESTED_FROZEN_PILOT_CEILING
2021-09-28,NOT_REQUESTED_FROZEN_PILOT_CEILING
2021-10-26,NOT_REQUESTED_FROZEN_PILOT_CEILING
2021-11-23,NOT_REQUESTED_FROZEN_PILOT_CEILING
2021-12-28,NOT_REQUESTED_FROZEN_PILOT_CEILING
2022-01-25,NOT_REQUESTED_FROZEN_PILOT_CEILING
2022-02-22,NOT_REQUESTED_FROZEN_PILOT_CEILING
2022-03-22,NOT_REQUESTED_FROZEN_PILOT_CEILING
2022-04-26,NOT_REQUESTED_FROZEN_PILOT_CEILING
2022-05-24,NOT_REQUESTED_FROZEN_PILOT_CEILING
2022-06-28,NOT_REQUESTED_FROZEN_PILOT_CEILING
2022-07-26,NOT_REQUESTED_FROZEN_PILOT_CEILING
2022-08-23,NOT_REQUESTED_FROZEN_PILOT_CEILING
2022-09-27,NOT_REQUESTED_FROZEN_PILOT_CEILING
2022-10-25,NOT_REQUESTED_FROZEN_PILOT_CEILING
2022-11-22,NOT_REQUESTED_FROZEN_PILOT_CEILING
2022-12-27,NOT_REQUESTED_FROZEN_PILOT_CEILING
2023-01-24,NOT_REQUESTED_FROZEN_PILOT_CEILING
2023-02-28,NOT_REQUESTED_FROZEN_PILOT_CEILING
2023-03-28,NOT_REQUESTED_FROZEN_PILOT_CEILING
2023-04-25,NOT_REQUESTED_FROZEN_PILOT_CEILING
2023-05-23,NOT_REQUESTED_FROZEN_PILOT_CEILING
2023-06-27,NOT_REQUESTED_FROZEN_PILOT_CEILING
2023-07-25,NOT_REQUESTED_FROZEN_PILOT_CEILING
2023-08-22,NOT_REQUESTED_FROZEN_PILOT_CEILING
2023-09-26,NOT_REQUESTED_FROZEN_PILOT_CEILING
2023-10-24,NOT_REQUESTED_FROZEN_PILOT_CEILING
2023-11-28,NOT_REQUESTED_FROZEN_PILOT_CEILING
2023-12-26,NOT_REQUESTED_FROZEN_PILOT_CEILING
2024-01-23,NOT_REQUESTED_FROZEN_PILOT_CEILING
2024-02-27,NOT_REQUESTED_FROZEN_PILOT_CEILING
2024-03-26,NOT_REQUESTED_FROZEN_PILOT_CEILING
2024-04-23,NOT_REQUESTED_FROZEN_PILOT_CEILING
2024-05-28,NOT_REQUESTED_FROZEN_PILOT_CEILING
2024-06-25,NOT_REQUESTED_FROZEN_PILOT_CEILING
2024-07-23,NOT_REQUESTED_FROZEN_PILOT_CEILING
2024-08-27,NOT_REQUESTED_FROZEN_PILOT_CEILING
2024-09-24,NOT_REQUESTED_FROZEN_PILOT_CEILING
2024-10-22,NOT_REQUESTED_FROZEN_PILOT_CEILING
2024-11-26,NOT_REQUESTED_FROZEN_PILOT_CEILING
2024-12-26,NOT_REQUESTED_FROZEN_PILOT_CEILING
2025-01-28,NOT_REQUESTED_FROZEN_PILOT_CEILING
2025-02-25,NOT_REQUESTED_FROZEN_PILOT_CEILING
2025-03-25,NOT_REQUESTED_FROZEN_PILOT_CEILING
2025-04-22,NOT_REQUESTED_FROZEN_PILOT_CEILING
2025-05-27,NOT_REQUESTED_FROZEN_PILOT_CEILING
2025-06-24,NOT_REQUESTED_FROZEN_PILOT_CEILING
2025-07-22,NOT_REQUESTED_FROZEN_PILOT_CEILING
2025-08-26,NOT_REQUESTED_FROZEN_PILOT_CEILING
2025-09-23,NOT_REQUESTED_FROZEN_PILOT_CEILING
2025-10-28,NOT_REQUESTED_FROZEN_PILOT_CEILING
2025-11-25,NOT_REQUESTED_FROZEN_PILOT_CEILING
2025-12-23,NOT_REQUESTED_FROZEN_PILOT_CEILING
2026-01-27,NOT_REQUESTED_FROZEN_PILOT_CEILING
2026-02-24,NOT_REQUESTED_FROZEN_PILOT_CEILING
2026-03-24,NOT_REQUESTED_FROZEN_PILOT_CEILING
2026-04-28,NOT_REQUESTED_FROZEN_PILOT_CEILING
2026-05-26,NOT_REQUESTED_FROZEN_PILOT_CEILING
