breaker_count,c1_midpoint_reach_count,c2_midpoint_reach_count,direction,event_id,execution_status,first_confluence_time,first_family,first_midpoint_reach_time,fvg_count,ob_count,technical_complete_setup,timeframe
0,0,0,BEARISH,D1-20171004-BEARISH,NO_COMPLETE_TECHNICAL_SETUP,,,,0,0,False,M15
1,0,0,BEARISH,D1-20171004-BEARISH,NO_COMPLETE_TECHNICAL_SETUP,,,,6,0,False,M5
7,1,1,BEARISH,D1-20171004-BEARISH,MIDPOINT_REACHED_NOT_FILL_PROOF,2017-10-05 16:29:00,C2_FVG_BREAKER,2017-10-05 16:31:00,75,8,True,M1
0,0,0,BEARISH,D1-20171006-BEARISH,NO_COMPLETE_TECHNICAL_SETUP,,,,3,0,False,M15
4,1,1,BEARISH,D1-20171006-BEARISH,MIDPOINT_REACHED_NOT_FILL_PROOF,2017-10-09 08:20:00,C2_FVG_BREAKER,2017-10-09 09:05:00,28,6,True,M5
24,1,1,BEARISH,D1-20171006-BEARISH,MIDPOINT_REACHED_NOT_FILL_PROOF,2017-10-09 02:02:00,C2_FVG_BREAKER,2017-10-09 02:06:00,163,28,True,M1
1,1,1,BEARISH,D1-20171101-BEARISH,MIDPOINT_REACHED_NOT_FILL_PROOF,2017-11-02 03:15:00,C1_OB_FVG,2017-11-02 11:15:00,11,4,True,M15
5,0,1,BEARISH,D1-20171101-BEARISH,MIDPOINT_REACHED_NOT_FILL_PROOF,2017-11-02 12:20:00,C2_FVG_BREAKER,2017-11-02 12:25:00,31,3,True,M5
21,1,1,BEARISH,D1-20171101-BEARISH,MIDPOINT_REACHED_NOT_FILL_PROOF,2017-11-02 03:06:00,C1_OB_FVG,2017-11-02 11:16:00,171,33,True,M1
0,0,0,BEARISH,D1-20171123-BEARISH,NO_COMPLETE_TECHNICAL_SETUP,,,,1,0,False,M15
2,1,1,BEARISH,D1-20171123-BEARISH,MIDPOINT_REACHED_NOT_FILL_PROOF,2017-11-24 17:30:00,C1_OB_FVG,2017-11-24 17:40:00,6,1,True,M5
3,1,1,BEARISH,D1-20171123-BEARISH,MIDPOINT_REACHED_NOT_FILL_PROOF,2017-11-24 14:51:00,C1_OB_FVG,2017-11-24 15:28:00,47,6,True,M1
0,0,0,BEARISH,D1-20180216-BEARISH,NO_COMPLETE_TECHNICAL_SETUP,,,,9,4,False,M15
2,1,1,BEARISH,D1-20180216-BEARISH,MIDPOINT_REACHED_NOT_FILL_PROOF,2018-02-19 09:25:00,C1_OB_FVG,2018-02-19 10:05:00,30,4,True,M5
14,1,1,BEARISH,D1-20180216-BEARISH,MIDPOINT_REACHED_NOT_FILL_PROOF,2018-02-19 04:47:00,C1_OB_FVG,2018-02-19 04:52:00,152,27,True,M1
1,1,1,BULLISH,D1-20180423-BULLISH,MIDPOINT_REACHED_NOT_FILL_PROOF,2018-04-24 08:45:00,C2_FVG_BREAKER,2018-04-24 09:15:00,12,6,True,M15
3,1,1,BULLISH,D1-20180423-BULLISH,MIDPOINT_REACHED_NOT_FILL_PROOF,2018-04-24 05:50:00,C2_FVG_BREAKER,2018-04-24 10:15:00,29,5,True,M5
18,1,1,BULLISH,D1-20180423-BULLISH,MIDPOINT_REACHED_NOT_FILL_PROOF,2018-04-24 02:38:00,C1_OB_FVG,2018-04-24 03:45:00,194,25,True,M1
1,0,1,BEARISH,D1-20180511-BEARISH,MIDPOINT_REACHED_NOT_FILL_PROOF,2018-05-14 21:30:00,C2_FVG_BREAKER,2018-05-14 21:45:00,12,1,True,M15
6,1,1,BEARISH,D1-20180511-BEARISH,MIDPOINT_REACHED_NOT_FILL_PROOF,2018-05-14 08:25:00,C2_FVG_BREAKER,2018-05-14 16:45:00,29,5,True,M5
19,1,1,BEARISH,D1-20180511-BEARISH,MIDPOINT_REACHED_NOT_FILL_PROOF,2018-05-14 02:11:00,C2_FVG_BREAKER,2018-05-14 02:12:00,167,34,True,M1
0,1,0,BEARISH,D1-20180613-BEARISH,MIDPOINT_REACHED_NOT_FILL_PROOF,2018-06-14 06:00:00,C1_OB_FVG,2018-06-14 14:45:00,8,1,True,M15
2,1,1,BEARISH,D1-20180613-BEARISH,MIDPOINT_REACHED_NOT_FILL_PROOF,2018-06-14 08:35:00,C1_OB_FVG,2018-06-14 12:15:00,33,7,True,M5
18,1,1,BEARISH,D1-20180613-BEARISH,MIDPOINT_REACHED_NOT_FILL_PROOF,2018-06-14 03:03:00,C1_OB_FVG,2018-06-14 03:09:00,189,33,True,M1
1,0,1,BEARISH,D1-20180718-BEARISH,MIDPOINT_REACHED_NOT_FILL_PROOF,2018-07-19 17:15:00,C2_FVG_BREAKER,2018-07-19 17:30:00,12,2,True,M15
4,1,1,BEARISH,D1-20180718-BEARISH,MIDPOINT_REACHED_NOT_FILL_PROOF,2018-07-19 03:15:00,C2_FVG_BREAKER,2018-07-19 03:30:00,41,8,True,M5
23,1,1,BEARISH,D1-20180718-BEARISH,MIDPOINT_REACHED_NOT_FILL_PROOF,2018-07-19 03:01:00,C1_OB_FVG,2018-07-19 03:41:00,174,36,True,M1
1,0,0,BEARISH,D1-20180808-BEARISH,NO_COMPLETE_TECHNICAL_SETUP,,,,5,1,False,M15
3,1,1,BEARISH,D1-20180808-BEARISH,MIDPOINT_REACHED_NOT_FILL_PROOF,2018-08-09 14:05:00,C2_FVG_BREAKER,2018-08-09 14:10:00,16,8,True,M5
11,1,1,BEARISH,D1-20180808-BEARISH,MIDPOINT_REACHED_NOT_FILL_PROOF,2018-08-09 12:58:00,C2_FVG_BREAKER,2018-08-09 13:00:00,90,15,True,M1
0,0,0,BEARISH,D1-20180823-BEARISH,NO_COMPLETE_TECHNICAL_SETUP,,,,1,0,False,M15
1,0,1,BEARISH,D1-20180823-BEARISH,MIDPOINT_REACHED_NOT_FILL_PROOF,2018-08-24 14:25:00,C2_FVG_BREAKER,2018-08-24 14:30:00,8,1,True,M5
3,1,1,BEARISH,D1-20180823-BEARISH,MIDPOINT_REACHED_NOT_FILL_PROOF,2018-08-24 14:15:00,C2_FVG_BREAKER,2018-08-24 14:17:00,77,10,True,M1
1,0,1,BEARISH,D1-20180914-BEARISH,MIDPOINT_REACHED_NOT_FILL_PROOF,2018-09-17 15:15:00,C2_FVG_BREAKER,2018-09-17 15:30:00,13,3,True,M15
3,1,1,BEARISH,D1-20180914-BEARISH,MIDPOINT_REACHED_NOT_FILL_PROOF,2018-09-17 05:25:00,C2_FVG_BREAKER,2018-09-17 05:30:00,39,5,True,M5
19,1,1,BEARISH,D1-20180914-BEARISH,MIDPOINT_REACHED_NOT_FILL_PROOF,2018-09-17 01:02:00,C1_OB_FVG,2018-09-17 11:17:00,208,42,True,M1
5,1,1,BEARISH,D1-20190219-BEARISH,MIDPOINT_REACHED_NOT_FILL_PROOF,2019-02-20 01:30:00,C2_FVG_BREAKER,2019-02-20 01:45:00,8,2,True,M15
2,1,1,BEARISH,D1-20190219-BEARISH,MIDPOINT_REACHED_NOT_FILL_PROOF,2019-02-20 11:35:00,C1_OB_FVG,2019-02-20 12:15:00,24,4,True,M5
24,1,1,BEARISH,D1-20190219-BEARISH,MIDPOINT_REACHED_NOT_FILL_PROOF,2019-02-20 01:01:00,C1_OB_FVG,2019-02-20 01:27:00,145,33,True,M1
1,0,0,BEARISH,D1-20190411-BEARISH,NO_COMPLETE_TECHNICAL_SETUP,,,,3,0,False,M15
3,1,1,BEARISH,D1-20190411-BEARISH,MIDPOINT_REACHED_NOT_FILL_PROOF,2019-04-12 16:35:00,C1_OB_FVG,2019-04-12 16:45:00,17,2,True,M5
9,1,1,BEARISH,D1-20190411-BEARISH,MIDPOINT_REACHED_NOT_FILL_PROOF,2019-04-12 12:32:00,C2_FVG_BREAKER,2019-04-12 12:33:00,89,21,True,M1
0,1,0,BEARISH,D1-20190711-BEARISH,MIDPOINT_REACHED_NOT_FILL_PROOF,2019-07-12 17:45:00,C1_OB_FVG,2019-07-12 18:15:00,4,1,True,M15
0,1,0,BEARISH,D1-20190711-BEARISH,MIDPOINT_REACHED_NOT_FILL_PROOF,2019-07-12 15:40:00,C1_OB_FVG,2019-07-12 15:45:00,18,4,True,M5
13,1,1,BEARISH,D1-20190711-BEARISH,MIDPOINT_REACHED_NOT_FILL_PROOF,2019-07-12 08:55:00,C2_FVG_BREAKER,2019-07-12 08:56:00,95,15,True,M1
1,0,0,BULLISH,D1-20190815-BULLISH,NO_COMPLETE_TECHNICAL_SETUP,,,,10,3,False,M15
3,1,1,BULLISH,D1-20190815-BULLISH,MIDPOINT_REACHED_NOT_FILL_PROOF,2019-08-16 08:45:00,C2_FVG_BREAKER,2019-08-16 09:10:00,37,7,True,M5
17,1,1,BULLISH,D1-20190815-BULLISH,MIDPOINT_REACHED_NOT_FILL_PROOF,2019-08-16 01:22:00,C1_OB_FVG,2019-08-16 03:01:00,162,38,True,M1
0,0,0,BEARISH,D1-20190906-BEARISH,NO_COMPLETE_TECHNICAL_SETUP,,,,7,2,False,M15
4,1,1,BEARISH,D1-20190906-BEARISH,MIDPOINT_REACHED_NOT_FILL_PROOF,2019-09-09 02:10:00,C2_FVG_BREAKER,2019-09-09 02:25:00,31,8,True,M5
17,1,1,BEARISH,D1-20190906-BEARISH,MIDPOINT_REACHED_NOT_FILL_PROOF,2019-09-09 02:19:00,C2_FVG_BREAKER,2019-09-09 02:23:00,173,25,True,M1
2,1,1,BEARISH,D1-20191119-BEARISH,MIDPOINT_REACHED_NOT_FILL_PROOF,2019-11-20 03:30:00,C1_OB_FVG,2019-11-20 09:30:00,10,2,True,M15
1,1,1,BEARISH,D1-20191119-BEARISH,MIDPOINT_REACHED_NOT_FILL_PROOF,2019-11-20 12:15:00,C1_OB_FVG,2019-11-20 13:55:00,29,8,True,M5
16,1,1,BEARISH,D1-20191119-BEARISH,MIDPOINT_REACHED_NOT_FILL_PROOF,2019-11-20 02:59:00,C1_OB_FVG,2019-11-20 09:34:00,156,33,True,M1
0,0,0,BEARISH,D1-20191122-BEARISH,NO_COMPLETE_TECHNICAL_SETUP,,,,3,0,False,M15
1,1,1,BEARISH,D1-20191122-BEARISH,MIDPOINT_REACHED_NOT_FILL_PROOF,2019-11-25 06:25:00,C1_OB_FVG,2019-11-25 07:45:00,9,4,True,M5
17,1,1,BEARISH,D1-20191122-BEARISH,MIDPOINT_REACHED_NOT_FILL_PROOF,2019-11-25 04:57:00,C2_FVG_BREAKER,2019-11-25 04:58:00,137,24,True,M1
0,0,0,BEARISH,D1-20191213-BEARISH,NO_COMPLETE_TECHNICAL_SETUP,,,,4,0,False,M15
1,0,1,BEARISH,D1-20191213-BEARISH,MIDPOINT_REACHED_NOT_FILL_PROOF,2019-12-16 23:00:00,C2_FVG_BREAKER,2019-12-16 23:35:00,15,2,True,M5
10,1,1,BEARISH,D1-20191213-BEARISH,MIDPOINT_REACHED_NOT_FILL_PROOF,2019-12-16 06:34:00,C1_OB_FVG,2019-12-16 06:36:00,123,15,True,M1
1,1,0,BEARISH,D1-20191217-BEARISH,MIDPOINT_REACHED_NOT_FILL_PROOF,2019-12-18 08:30:00,C1_OB_FVG,2019-12-18 10:15:00,4,1,True,M15
2,0,1,BEARISH,D1-20191217-BEARISH,MIDPOINT_REACHED_NOT_FILL_PROOF,2019-12-18 14:20:00,C2_FVG_BREAKER,2019-12-18 14:25:00,16,4,True,M5
8,1,1,BEARISH,D1-20191217-BEARISH,MIDPOINT_REACHED_NOT_FILL_PROOF,2019-12-18 09:11:00,C1_OB_FVG,2019-12-18 09:22:00,98,19,True,M1
0,0,0,BEARISH,D1-20200107-BEARISH,NO_COMPLETE_TECHNICAL_SETUP,,,,7,3,False,M15
2,1,1,BEARISH,D1-20200107-BEARISH,MIDPOINT_REACHED_NOT_FILL_PROOF,2020-01-08 01:20:00,C1_OB_FVG,2020-01-08 10:05:00,28,3,True,M5
13,1,1,BEARISH,D1-20200107-BEARISH,MIDPOINT_REACHED_NOT_FILL_PROOF,2020-01-08 02:11:00,C1_OB_FVG,2020-01-08 03:42:00,153,28,True,M1
1,0,1,BEARISH,D1-20200114-BEARISH,MIDPOINT_REACHED_NOT_FILL_PROOF,2020-01-15 16:15:00,C2_FVG_BREAKER,2020-01-15 16:30:00,11,0,True,M15
4,1,1,BEARISH,D1-20200114-BEARISH,MIDPOINT_REACHED_NOT_FILL_PROOF,2020-01-15 10:15:00,C1_OB_FVG,2020-01-15 10:35:00,24,5,True,M5
18,1,1,BEARISH,D1-20200114-BEARISH,MIDPOINT_REACHED_NOT_FILL_PROOF,2020-01-15 02:59:00,C2_FVG_BREAKER,2020-01-15 03:01:00,182,37,True,M1
1,1,1,BEARISH,D1-20200129-BEARISH,MIDPOINT_REACHED_NOT_FILL_PROOF,2020-01-30 04:30:00,C1_OB_FVG,2020-01-30 16:45:00,12,2,True,M15
2,1,1,BEARISH,D1-20200129-BEARISH,MIDPOINT_REACHED_NOT_FILL_PROOF,2020-01-30 09:10:00,C1_OB_FVG,2020-01-30 11:10:00,33,6,True,M5
13,1,1,BEARISH,D1-20200129-BEARISH,MIDPOINT_REACHED_NOT_FILL_PROOF,2020-01-30 01:47:00,C1_OB_FVG,2020-01-30 22:43:00,191,32,True,M1
0,0,0,BEARISH,D1-20200213-BEARISH,NO_COMPLETE_TECHNICAL_SETUP,,,,7,1,False,M15
4,1,1,BEARISH,D1-20200213-BEARISH,MIDPOINT_REACHED_NOT_FILL_PROOF,2020-02-14 15:40:00,C1_OB_FVG,2020-02-14 16:35:00,26,5,True,M5
24,1,1,BEARISH,D1-20200213-BEARISH,MIDPOINT_REACHED_NOT_FILL_PROOF,2020-02-14 01:19:00,C1_OB_FVG,2020-02-14 01:21:00,170,38,True,M1
0,0,0,BULLISH,D1-20200402-BULLISH,NO_COMPLETE_TECHNICAL_SETUP,,,,4,0,False,M15
1,1,0,BULLISH,D1-20200402-BULLISH,MIDPOINT_REACHED_NOT_FILL_PROOF,2020-04-03 22:00:00,C1_OB_FVG,2020-04-03 22:10:00,11,5,True,M5
13,1,1,BULLISH,D1-20200402-BULLISH,MIDPOINT_REACHED_NOT_FILL_PROOF,2020-04-03 12:31:00,C2_FVG_BREAKER,2020-04-03 12:32:00,86,15,True,M1
1,0,1,BEARISH,D1-20200423-BEARISH,MIDPOINT_REACHED_NOT_FILL_PROOF,2020-04-24 15:00:00,C2_FVG_BREAKER,2020-04-24 15:30:00,8,0,True,M15
4,1,1,BEARISH,D1-20200423-BEARISH,MIDPOINT_REACHED_NOT_FILL_PROOF,2020-04-24 08:30:00,C2_FVG_BREAKER,2020-04-24 08:35:00,26,4,True,M5
21,1,1,BEARISH,D1-20200423-BEARISH,MIDPOINT_REACHED_NOT_FILL_PROOF,2020-04-24 01:02:00,C1_OB_FVG,2020-04-24 12:12:00,149,32,True,M1
0,0,0,BEARISH,D1-20200506-BEARISH,NO_COMPLETE_TECHNICAL_SETUP,,,,4,0,False,M15
3,1,1,BEARISH,D1-20200506-BEARISH,MIDPOINT_REACHED_NOT_FILL_PROOF,2020-05-07 15:15:00,C2_FVG_BREAKER,2020-05-07 15:20:00,17,4,True,M5
18,1,1,BEARISH,D1-20200506-BEARISH,MIDPOINT_REACHED_NOT_FILL_PROOF,2020-05-07 02:30:00,C1_OB_FVG,2020-05-07 02:31:00,133,24,True,M1
1,1,1,BEARISH,D1-20200721-BEARISH,MIDPOINT_REACHED_NOT_FILL_PROOF,2020-07-22 10:30:00,C2_FVG_BREAKER,2020-07-22 14:00:00,9,1,True,M15
2,1,1,BEARISH,D1-20200721-BEARISH,MIDPOINT_REACHED_NOT_FILL_PROOF,2020-07-22 10:40:00,C1_OB_FVG,2020-07-22 13:25:00,23,7,True,M5
16,1,1,BEARISH,D1-20200721-BEARISH,MIDPOINT_REACHED_NOT_FILL_PROOF,2020-07-22 08:02:00,C1_OB_FVG,2020-07-22 08:12:00,113,25,True,M1
1,0,1,BEARISH,D1-20200813-BEARISH,MIDPOINT_REACHED_NOT_FILL_PROOF,2020-08-14 22:30:00,C2_FVG_BREAKER,2020-08-14 23:00:00,6,3,True,M15
2,1,1,BEARISH,D1-20200813-BEARISH,MIDPOINT_REACHED_NOT_FILL_PROOF,2020-08-14 13:15:00,C2_FVG_BREAKER,2020-08-14 13:30:00,24,3,True,M5
18,1,1,BEARISH,D1-20200813-BEARISH,MIDPOINT_REACHED_NOT_FILL_PROOF,2020-08-14 01:50:00,C1_OB_FVG,2020-08-14 01:55:00,163,31,True,M1
0,0,0,BEARISH,D1-20201013-BEARISH,NO_COMPLETE_TECHNICAL_SETUP,,,,12,2,False,M15
4,1,1,BEARISH,D1-20201013-BEARISH,MIDPOINT_REACHED_NOT_FILL_PROOF,2020-10-14 08:30:00,C2_FVG_BREAKER,2020-10-14 08:40:00,36,6,True,M5
20,1,1,BEARISH,D1-20201013-BEARISH,MIDPOINT_REACHED_NOT_FILL_PROOF,2020-10-14 01:37:00,C2_FVG_BREAKER,2020-10-14 01:38:00,168,38,True,M1
3,0,1,BEARISH,D1-20201112-BEARISH,MIDPOINT_REACHED_NOT_FILL_PROOF,2020-11-13 17:30:00,C2_FVG_BREAKER,2020-11-13 19:00:00,6,0,True,M15
2,1,1,BEARISH,D1-20201112-BEARISH,MIDPOINT_REACHED_NOT_FILL_PROOF,2020-11-13 13:50:00,C1_OB_FVG,2020-11-13 14:10:00,20,3,True,M5
18,1,1,BEARISH,D1-20201112-BEARISH,MIDPOINT_REACHED_NOT_FILL_PROOF,2020-11-13 01:15:00,C1_OB_FVG,2020-11-13 01:31:00,131,23,True,M1
0,0,0,BEARISH,D1-20201126-BEARISH,NO_COMPLETE_TECHNICAL_SETUP,,,,3,0,False,M15
0,0,0,BEARISH,D1-20201126-BEARISH,NO_COMPLETE_TECHNICAL_SETUP,,,,20,1,False,M5
11,1,1,BEARISH,D1-20201126-BEARISH,MIDPOINT_REACHED_NOT_FILL_PROOF,2020-11-27 01:38:00,C1_OB_FVG,2020-11-27 01:46:00,125,26,True,M1
1,1,1,BEARISH,D1-20201218-BEARISH,MIDPOINT_REACHED_NOT_FILL_PROOF,2020-12-21 12:30:00,C2_FVG_BREAKER,2020-12-21 16:45:00,10,2,True,M15
0,1,0,BEARISH,D1-20201218-BEARISH,MIDPOINT_REACHED_NOT_FILL_PROOF,2020-12-21 08:10:00,C1_OB_FVG,2020-12-21 08:20:00,25,9,True,M5
6,1,1,BEARISH,D1-20201218-BEARISH,MIDPOINT_REACHED_NOT_FILL_PROOF,2020-12-21 04:39:00,C1_OB_FVG,2020-12-21 04:49:00,137,30,True,M1
1,0,1,BULLISH,D1-20210325-BULLISH,MIDPOINT_REACHED_NOT_FILL_PROOF,2021-03-26 07:45:00,C2_FVG_BREAKER,2021-03-26 11:00:00,17,1,True,M15
6,1,1,BULLISH,D1-20210325-BULLISH,MIDPOINT_REACHED_NOT_FILL_PROOF,2021-03-26 03:15:00,C1_OB_FVG,2021-03-26 03:20:00,42,8,True,M5
28,1,1,BULLISH,D1-20210325-BULLISH,MIDPOINT_REACHED_NOT_FILL_PROOF,2021-03-26 02:10:00,C2_FVG_BREAKER,2021-03-26 02:12:00,182,29,True,M1
2,0,0,BEARISH,D1-20210608-BEARISH,NO_COMPLETE_TECHNICAL_SETUP,,,,4,0,False,M15
4,1,1,BEARISH,D1-20210608-BEARISH,MIDPOINT_REACHED_NOT_FILL_PROOF,2021-06-09 05:30:00,C2_FVG_BREAKER,2021-06-09 05:35:00,26,6,True,M5
23,1,1,BEARISH,D1-20210608-BEARISH,MIDPOINT_REACHED_NOT_FILL_PROOF,2021-06-09 02:46:00,C2_FVG_BREAKER,2021-06-09 02:47:00,166,24,True,M1
2,0,0,BEARISH,D1-20210831-BEARISH,NO_COMPLETE_TECHNICAL_SETUP,,,,6,0,False,M15
3,0,0,BEARISH,D1-20210831-BEARISH,NO_COMPLETE_TECHNICAL_SETUP,,,,15,2,False,M5
5,1,1,BEARISH,D1-20210831-BEARISH,MIDPOINT_REACHED_NOT_FILL_PROOF,2021-09-01 15:49:00,C2_FVG_BREAKER,2021-09-01 15:50:00,99,23,True,M1
0,0,0,BEARISH,D1-20210916-BEARISH,NO_COMPLETE_TECHNICAL_SETUP,,,,8,1,False,M15
1,0,1,BEARISH,D1-20210916-BEARISH,MIDPOINT_REACHED_NOT_FILL_PROOF,2021-09-17 23:20:00,C2_FVG_BREAKER,2021-09-17 23:25:00,21,5,True,M5
10,1,1,BEARISH,D1-20210916-BEARISH,MIDPOINT_REACHED_NOT_FILL_PROOF,2021-09-17 14:13:00,C2_FVG_BREAKER,2021-09-17 14:20:00,91,11,True,M1
1,0,1,BEARISH,D1-20211105-BEARISH,MIDPOINT_REACHED_NOT_FILL_PROOF,2021-11-08 17:15:00,C2_FVG_BREAKER,2021-11-08 17:30:00,7,1,True,M15
2,1,1,BEARISH,D1-20211105-BEARISH,MIDPOINT_REACHED_NOT_FILL_PROOF,2021-11-08 06:10:00,C2_FVG_BREAKER,2021-11-08 06:20:00,27,5,True,M5
21,1,1,BEARISH,D1-20211105-BEARISH,MIDPOINT_REACHED_NOT_FILL_PROOF,2021-11-08 01:52:00,C1_OB_FVG,2021-11-08 10:16:00,163,34,True,M1
0,1,0,BEARISH,D1-20211228-BEARISH,MIDPOINT_REACHED_NOT_FILL_PROOF,2021-12-29 13:15:00,C1_OB_FVG,2021-12-29 16:45:00,11,3,True,M15
4,1,1,BEARISH,D1-20211228-BEARISH,MIDPOINT_REACHED_NOT_FILL_PROOF,2021-12-29 03:40:00,C1_OB_FVG,2021-12-29 04:55:00,29,9,True,M5
22,1,1,BEARISH,D1-20211228-BEARISH,MIDPOINT_REACHED_NOT_FILL_PROOF,2021-12-29 02:05:00,C2_FVG_BREAKER,2021-12-29 02:06:00,152,22,True,M1
0,0,0,BULLISH,D1-20220114-BULLISH,NO_COMPLETE_TECHNICAL_SETUP,,,,6,1,False,M15
1,1,0,BULLISH,D1-20220114-BULLISH,MIDPOINT_REACHED_NOT_FILL_PROOF,2022-01-17 10:45:00,C1_OB_FVG,2022-01-17 16:50:00,18,3,True,M5
14,1,1,BULLISH,D1-20220114-BULLISH,MIDPOINT_REACHED_NOT_FILL_PROOF,2022-01-17 08:30:00,C2_FVG_BREAKER,2022-01-17 09:01:00,83,15,True,M1
2,0,1,BULLISH,D1-20220124-BULLISH,MIDPOINT_REACHED_NOT_FILL_PROOF,2022-01-25 11:45:00,C2_FVG_BREAKER,2022-01-25 12:45:00,7,0,True,M15
5,1,1,BULLISH,D1-20220124-BULLISH,MIDPOINT_REACHED_NOT_FILL_PROOF,2022-01-25 12:05:00,C2_FVG_BREAKER,2022-01-25 12:10:00,17,4,True,M5
18,1,1,BULLISH,D1-20220124-BULLISH,MIDPOINT_REACHED_NOT_FILL_PROOF,2022-01-25 08:21:00,C2_FVG_BREAKER,2022-01-25 08:22:00,99,21,True,M1
0,0,0,BULLISH,D1-20220425-BULLISH,NO_COMPLETE_TECHNICAL_SETUP,,,,10,0,False,M15
0,1,0,BULLISH,D1-20220425-BULLISH,MIDPOINT_REACHED_NOT_FILL_PROOF,2022-04-26 04:05:00,C1_OB_FVG,2022-04-26 04:25:00,20,4,True,M5
15,1,1,BULLISH,D1-20220425-BULLISH,MIDPOINT_REACHED_NOT_FILL_PROOF,2022-04-26 01:51:00,C1_OB_FVG,2022-04-26 03:04:00,141,31,True,M1
1,1,1,BULLISH,D1-20220502-BULLISH,MIDPOINT_REACHED_NOT_FILL_PROOF,2022-05-03 05:15:00,C1_OB_FVG,2022-05-03 09:15:00,11,1,True,M15
2,0,1,BULLISH,D1-20220502-BULLISH,MIDPOINT_REACHED_NOT_FILL_PROOF,2022-05-03 10:15:00,C2_FVG_BREAKER,2022-05-03 10:20:00,33,4,True,M5
24,1,1,BULLISH,D1-20220502-BULLISH,MIDPOINT_REACHED_NOT_FILL_PROOF,2022-05-03 01:52:00,C1_OB_FVG,2022-05-03 13:28:00,153,33,True,M1
0,1,0,BULLISH,D1-20220519-BULLISH,MIDPOINT_REACHED_NOT_FILL_PROOF,2022-05-20 10:45:00,C1_OB_FVG,2022-05-20 16:45:00,13,3,True,M15
2,1,1,BULLISH,D1-20220519-BULLISH,MIDPOINT_REACHED_NOT_FILL_PROOF,2022-05-20 03:10:00,C1_OB_FVG,2022-05-20 17:10:00,39,4,True,M5
21,1,1,BULLISH,D1-20220519-BULLISH,MIDPOINT_REACHED_NOT_FILL_PROOF,2022-05-20 01:51:00,C1_OB_FVG,2022-05-20 01:57:00,165,30,True,M1
2,1,1,BULLISH,D1-20220614-BULLISH,MIDPOINT_REACHED_NOT_FILL_PROOF,2022-06-15 02:15:00,C2_FVG_BREAKER,2022-06-15 02:30:00,16,4,True,M15
3,1,1,BULLISH,D1-20220614-BULLISH,MIDPOINT_REACHED_NOT_FILL_PROOF,2022-06-15 08:50:00,C1_OB_FVG,2022-06-15 10:50:00,37,4,True,M5
15,1,1,BULLISH,D1-20220614-BULLISH,MIDPOINT_REACHED_NOT_FILL_PROOF,2022-06-15 01:01:00,C1_OB_FVG,2022-06-15 08:29:00,159,33,True,M1
2,0,1,BULLISH,D1-20220629-BULLISH,MIDPOINT_REACHED_NOT_FILL_PROOF,2022-06-30 18:45:00,C2_FVG_BREAKER,2022-06-30 22:15:00,12,0,True,M15
3,1,1,BULLISH,D1-20220629-BULLISH,MIDPOINT_REACHED_NOT_FILL_PROOF,2022-06-30 18:30:00,C1_OB_FVG,2022-06-30 22:10:00,31,5,True,M5
24,1,1,BULLISH,D1-20220629-BULLISH,MIDPOINT_REACHED_NOT_FILL_PROOF,2022-06-30 02:40:00,C2_FVG_BREAKER,2022-06-30 02:41:00,161,30,True,M1
1,0,0,BEARISH,D1-20220811-BEARISH,NO_COMPLETE_TECHNICAL_SETUP,,,,5,0,False,M15
3,0,1,BEARISH,D1-20220811-BEARISH,MIDPOINT_REACHED_NOT_FILL_PROOF,2022-08-12 04:25:00,C2_FVG_BREAKER,2022-08-12 04:30:00,15,4,True,M5
16,1,1,BEARISH,D1-20220811-BEARISH,MIDPOINT_REACHED_NOT_FILL_PROOF,2022-08-12 01:22:00,C2_FVG_BREAKER,2022-08-12 01:33:00,131,23,True,M1
0,0,0,BULLISH,D1-20220914-BULLISH,NO_COMPLETE_TECHNICAL_SETUP,,,,9,0,False,M15
3,0,1,BULLISH,D1-20220914-BULLISH,MIDPOINT_REACHED_NOT_FILL_PROOF,2022-09-15 13:30:00,C2_FVG_BREAKER,2022-09-15 13:35:00,13,3,True,M5
10,1,1,BULLISH,D1-20220914-BULLISH,MIDPOINT_REACHED_NOT_FILL_PROOF,2022-09-15 14:03:00,C2_FVG_BREAKER,2022-09-15 14:04:00,73,13,True,M1
3,1,1,BULLISH,D1-20220916-BULLISH,MIDPOINT_REACHED_NOT_FILL_PROOF,2022-09-19 15:45:00,C1_OB_FVG,2022-09-19 16:30:00,10,3,True,M15
4,0,1,BULLISH,D1-20220916-BULLISH,MIDPOINT_REACHED_NOT_FILL_PROOF,2022-09-19 08:25:00,C2_FVG_BREAKER,2022-09-19 08:30:00,41,5,True,M5
23,1,1,BULLISH,D1-20220916-BULLISH,MIDPOINT_REACHED_NOT_FILL_PROOF,2022-09-19 01:34:00,C1_OB_FVG,2022-09-19 05:18:00,171,41,True,M1
0,1,0,BULLISH,D1-20221020-BULLISH,MIDPOINT_REACHED_NOT_FILL_PROOF,2022-10-21 10:30:00,C1_OB_FVG,2022-10-21 11:00:00,13,2,True,M15
3,1,1,BULLISH,D1-20221020-BULLISH,MIDPOINT_REACHED_NOT_FILL_PROOF,2022-10-21 03:50:00,C2_FVG_BREAKER,2022-10-21 04:10:00,41,10,True,M5
21,1,1,BULLISH,D1-20221020-BULLISH,MIDPOINT_REACHED_NOT_FILL_PROOF,2022-10-21 02:02:00,C1_OB_FVG,2022-10-21 02:06:00,184,30,True,M1
0,0,0,BEARISH,D1-20221201-BEARISH,NO_COMPLETE_TECHNICAL_SETUP,,,,8,1,False,M15
4,1,1,BEARISH,D1-20221201-BEARISH,MIDPOINT_REACHED_NOT_FILL_PROOF,2022-12-02 06:20:00,C2_FVG_BREAKER,2022-12-02 06:25:00,30,5,True,M5
17,1,1,BEARISH,D1-20221201-BEARISH,MIDPOINT_REACHED_NOT_FILL_PROOF,2022-12-02 02:02:00,C2_FVG_BREAKER,2022-12-02 10:20:00,141,27,True,M1
0,1,0,BEARISH,D1-20230306-BEARISH,MIDPOINT_REACHED_NOT_FILL_PROOF,2023-03-07 16:15:00,C1_OB_FVG,2023-03-07 16:45:00,10,2,True,M15
4,1,1,BEARISH,D1-20230306-BEARISH,MIDPOINT_REACHED_NOT_FILL_PROOF,2023-03-07 08:05:00,C2_FVG_BREAKER,2023-03-07 10:30:00,29,6,True,M5
13,1,1,BEARISH,D1-20230306-BEARISH,MIDPOINT_REACHED_NOT_FILL_PROOF,2023-03-07 08:14:00,C1_OB_FVG,2023-03-07 10:25:00,138,21,True,M1
2,1,1,BEARISH,D1-20230317-BEARISH,MIDPOINT_REACHED_NOT_FILL_PROOF,2023-03-20 09:30:00,C1_OB_FVG,2023-03-20 12:45:00,13,2,True,M15
2,1,1,BEARISH,D1-20230317-BEARISH,MIDPOINT_REACHED_NOT_FILL_PROOF,2023-03-20 04:45:00,C1_OB_FVG,2023-03-20 05:50:00,29,8,True,M5
22,1,1,BEARISH,D1-20230317-BEARISH,MIDPOINT_REACHED_NOT_FILL_PROOF,2023-03-20 01:52:00,C2_FVG_BREAKER,2023-03-20 01:53:00,163,34,True,M1
2,0,1,BEARISH,D1-20230410-BEARISH,MIDPOINT_REACHED_NOT_FILL_PROOF,2023-04-11 15:30:00,C2_FVG_BREAKER,2023-04-11 15:45:00,9,1,True,M15
6,0,1,BEARISH,D1-20230410-BEARISH,MIDPOINT_REACHED_NOT_FILL_PROOF,2023-04-11 06:05:00,C2_FVG_BREAKER,2023-04-11 06:10:00,27,4,True,M5
11,1,1,BEARISH,D1-20230410-BEARISH,MIDPOINT_REACHED_NOT_FILL_PROOF,2023-04-11 04:07:00,C2_FVG_BREAKER,2023-04-11 04:08:00,153,29,True,M1
1,0,1,BEARISH,D1-20230414-BEARISH,MIDPOINT_REACHED_NOT_FILL_PROOF,2023-04-17 14:00:00,C2_FVG_BREAKER,2023-04-17 14:30:00,7,0,True,M15
6,1,1,BEARISH,D1-20230414-BEARISH,MIDPOINT_REACHED_NOT_FILL_PROOF,2023-04-17 09:25:00,C1_OB_FVG,2023-04-17 09:30:00,18,4,True,M5
13,1,1,BEARISH,D1-20230414-BEARISH,MIDPOINT_REACHED_NOT_FILL_PROOF,2023-04-17 05:58:00,C2_FVG_BREAKER,2023-04-17 05:59:00,139,24,True,M1
2,0,1,BEARISH,D1-20230428-BEARISH,MIDPOINT_REACHED_NOT_FILL_PROOF,2023-05-01 11:45:00,C2_FVG_BREAKER,2023-05-01 12:00:00,12,1,True,M15
4,1,1,BEARISH,D1-20230428-BEARISH,MIDPOINT_REACHED_NOT_FILL_PROOF,2023-05-01 03:20:00,C1_OB_FVG,2023-05-01 03:45:00,28,5,True,M5
17,1,1,BEARISH,D1-20230428-BEARISH,MIDPOINT_REACHED_NOT_FILL_PROOF,2023-05-01 01:01:00,C1_OB_FVG,2023-05-01 05:48:00,155,33,True,M1
1,0,1,BEARISH,D1-20230501-BEARISH,MIDPOINT_REACHED_NOT_FILL_PROOF,2023-05-02 13:30:00,C2_FVG_BREAKER,2023-05-02 14:00:00,9,1,True,M15
1,0,1,BEARISH,D1-20230501-BEARISH,MIDPOINT_REACHED_NOT_FILL_PROOF,2023-05-02 13:10:00,C2_FVG_BREAKER,2023-05-02 13:25:00,16,2,True,M5
7,1,1,BEARISH,D1-20230501-BEARISH,MIDPOINT_REACHED_NOT_FILL_PROOF,2023-05-02 12:14:00,C1_OB_FVG,2023-05-02 12:17:00,87,16,True,M1
1,1,1,BEARISH,D1-20230605-BEARISH,MIDPOINT_REACHED_NOT_FILL_PROOF,2023-06-06 16:45:00,C1_OB_FVG,2023-06-06 17:15:00,6,2,True,M15
2,1,1,BEARISH,D1-20230605-BEARISH,MIDPOINT_REACHED_NOT_FILL_PROOF,2023-06-06 15:20:00,C2_FVG_BREAKER,2023-06-06 16:15:00,10,4,True,M5
10,1,1,BEARISH,D1-20230605-BEARISH,MIDPOINT_REACHED_NOT_FILL_PROOF,2023-06-06 12:18:00,C1_OB_FVG,2023-06-06 12:24:00,82,9,True,M1
0,0,0,BEARISH,D1-20230714-BEARISH,NO_COMPLETE_TECHNICAL_SETUP,,,,9,1,False,M15
3,1,1,BEARISH,D1-20230714-BEARISH,MIDPOINT_REACHED_NOT_FILL_PROOF,2023-07-17 02:20:00,C1_OB_FVG,2023-07-17 03:45:00,25,2,True,M5
16,1,1,BEARISH,D1-20230714-BEARISH,MIDPOINT_REACHED_NOT_FILL_PROOF,2023-07-17 01:44:00,C1_OB_FVG,2023-07-17 04:11:00,158,19,True,M1
1,1,1,BEARISH,D1-20230719-BEARISH,MIDPOINT_REACHED_NOT_FILL_PROOF,2023-07-20 15:45:00,C1_OB_FVG,2023-07-20 16:45:00,17,5,True,M15
3,1,1,BEARISH,D1-20230719-BEARISH,MIDPOINT_REACHED_NOT_FILL_PROOF,2023-07-20 09:35:00,C1_OB_FVG,2023-07-20 16:35:00,49,9,True,M5
19,1,1,BEARISH,D1-20230719-BEARISH,MIDPOINT_REACHED_NOT_FILL_PROOF,2023-07-20 02:12:00,C1_OB_FVG,2023-07-20 02:23:00,189,37,True,M1
1,0,1,BEARISH,D1-20230731-BEARISH,MIDPOINT_REACHED_NOT_FILL_PROOF,2023-08-01 14:45:00,C2_FVG_BREAKER,2023-08-01 17:15:00,10,4,True,M15
2,1,1,BEARISH,D1-20230731-BEARISH,MIDPOINT_REACHED_NOT_FILL_PROOF,2023-08-01 07:00:00,C2_FVG_BREAKER,2023-08-01 07:05:00,29,10,True,M5
13,1,1,BEARISH,D1-20230731-BEARISH,MIDPOINT_REACHED_NOT_FILL_PROOF,2023-08-01 04:38:00,C1_OB_FVG,2023-08-01 04:39:00,149,35,True,M1
0,0,0,BEARISH,D1-20230901-BEARISH,NO_COMPLETE_TECHNICAL_SETUP,,,,9,1,False,M15
0,1,0,BEARISH,D1-20230901-BEARISH,MIDPOINT_REACHED_NOT_FILL_PROOF,2023-09-04 14:30:00,C1_OB_FVG,2023-09-04 16:35:00,19,3,True,M5
18,1,1,BEARISH,D1-20230901-BEARISH,MIDPOINT_REACHED_NOT_FILL_PROOF,2023-09-04 02:58:00,C2_FVG_BREAKER,2023-09-04 03:01:00,142,28,True,M1
1,0,0,BULLISH,D1-20230927-BULLISH,NO_COMPLETE_TECHNICAL_SETUP,,,,11,1,False,M15
2,1,1,BULLISH,D1-20230927-BULLISH,MIDPOINT_REACHED_NOT_FILL_PROOF,2023-09-28 15:10:00,C2_FVG_BREAKER,2023-09-28 15:15:00,24,5,True,M5
9,1,1,BULLISH,D1-20230927-BULLISH,MIDPOINT_REACHED_NOT_FILL_PROOF,2023-09-28 12:22:00,C2_FVG_BREAKER,2023-09-28 12:29:00,95,22,True,M1
2,1,1,BEARISH,D1-20231115-BEARISH,MIDPOINT_REACHED_NOT_FILL_PROOF,2023-11-16 14:15:00,C1_OB_FVG,2023-11-16 15:45:00,6,1,True,M15
3,1,1,BEARISH,D1-20231115-BEARISH,MIDPOINT_REACHED_NOT_FILL_PROOF,2023-11-16 09:45:00,C2_FVG_BREAKER,2023-11-16 09:50:00,26,3,True,M5
19,1,1,BEARISH,D1-20231115-BEARISH,MIDPOINT_REACHED_NOT_FILL_PROOF,2023-11-16 01:14:00,C1_OB_FVG,2023-11-16 01:18:00,155,30,True,M1
1,0,0,BEARISH,D1-20231129-BEARISH,NO_COMPLETE_TECHNICAL_SETUP,,,,7,1,False,M15
2,1,1,BEARISH,D1-20231129-BEARISH,MIDPOINT_REACHED_NOT_FILL_PROOF,2023-11-30 17:10:00,C1_OB_FVG,2023-11-30 17:15:00,19,5,True,M5
10,1,1,BEARISH,D1-20231129-BEARISH,MIDPOINT_REACHED_NOT_FILL_PROOF,2023-11-30 12:05:00,C2_FVG_BREAKER,2023-11-30 12:07:00,93,20,True,M1
0,1,0,BEARISH,D1-20231214-BEARISH,MIDPOINT_REACHED_NOT_FILL_PROOF,2023-12-15 15:45:00,C1_OB_FVG,2023-12-15 16:15:00,7,2,True,M15
3,1,1,BEARISH,D1-20231214-BEARISH,MIDPOINT_REACHED_NOT_FILL_PROOF,2023-12-15 02:55:00,C2_FVG_BREAKER,2023-12-15 03:00:00,23,7,True,M5
20,1,1,BEARISH,D1-20231214-BEARISH,MIDPOINT_REACHED_NOT_FILL_PROOF,2023-12-15 03:03:00,C2_FVG_BREAKER,2023-12-15 03:05:00,137,23,True,M1
3,0,1,BEARISH,D1-20240122-BEARISH,MIDPOINT_REACHED_NOT_FILL_PROOF,2024-01-23 11:15:00,C2_FVG_BREAKER,2024-01-23 11:30:00,5,1,True,M15
4,0,1,BEARISH,D1-20240122-BEARISH,MIDPOINT_REACHED_NOT_FILL_PROOF,2024-01-23 13:45:00,C2_FVG_BREAKER,2024-01-23 13:50:00,14,3,True,M5
19,1,1,BEARISH,D1-20240122-BEARISH,MIDPOINT_REACHED_NOT_FILL_PROOF,2024-01-23 09:36:00,C1_OB_FVG,2024-01-23 09:40:00,111,18,True,M1
2,1,1,BEARISH,D1-20240507-BEARISH,MIDPOINT_REACHED_NOT_FILL_PROOF,2024-05-08 08:15:00,C2_FVG_BREAKER,2024-05-08 09:00:00,13,2,True,M15
4,1,1,BEARISH,D1-20240507-BEARISH,MIDPOINT_REACHED_NOT_FILL_PROOF,2024-05-08 14:05:00,C1_OB_FVG,2024-05-08 17:25:00,31,4,True,M5
19,1,1,BEARISH,D1-20240507-BEARISH,MIDPOINT_REACHED_NOT_FILL_PROOF,2024-05-08 01:01:00,C1_OB_FVG,2024-05-08 01:33:00,176,40,True,M1
0,1,0,BEARISH,D1-20240516-BEARISH,MIDPOINT_REACHED_NOT_FILL_PROOF,2024-05-17 11:15:00,C1_OB_FVG,2024-05-17 12:15:00,7,3,True,M15
2,1,1,BEARISH,D1-20240516-BEARISH,MIDPOINT_REACHED_NOT_FILL_PROOF,2024-05-17 08:35:00,C2_FVG_BREAKER,2024-05-17 08:40:00,26,5,True,M5
18,1,1,BEARISH,D1-20240516-BEARISH,MIDPOINT_REACHED_NOT_FILL_PROOF,2024-05-17 02:09:00,C1_OB_FVG,2024-05-17 02:14:00,137,26,True,M1
0,0,0,BEARISH,D1-20240618-BEARISH,NO_COMPLETE_TECHNICAL_SETUP,,,,7,0,False,M15
3,0,1,BEARISH,D1-20240618-BEARISH,MIDPOINT_REACHED_NOT_FILL_PROOF,2024-06-19 03:30:00,C2_FVG_BREAKER,2024-06-19 04:45:00,17,1,True,M5
12,1,1,BEARISH,D1-20240618-BEARISH,MIDPOINT_REACHED_NOT_FILL_PROOF,2024-06-19 02:02:00,C1_OB_FVG,2024-06-19 09:14:00,149,27,True,M1
2,0,1,BEARISH,D1-20240626-BEARISH,MIDPOINT_REACHED_NOT_FILL_PROOF,2024-06-27 02:00:00,C2_FVG_BREAKER,2024-06-27 05:15:00,12,0,True,M15
2,1,1,BEARISH,D1-20240626-BEARISH,MIDPOINT_REACHED_NOT_FILL_PROOF,2024-06-27 14:10:00,C2_FVG_BREAKER,2024-06-27 14:35:00,30,7,True,M5
17,1,1,BEARISH,D1-20240626-BEARISH,MIDPOINT_REACHED_NOT_FILL_PROOF,2024-06-27 01:17:00,C2_FVG_BREAKER,2024-06-27 01:18:00,161,33,True,M1
2,0,1,BEARISH,D1-20241108-BEARISH,MIDPOINT_REACHED_NOT_FILL_PROOF,2024-11-11 13:15:00,C2_FVG_BREAKER,2024-11-11 13:30:00,12,2,True,M15
5,1,1,BEARISH,D1-20241108-BEARISH,MIDPOINT_REACHED_NOT_FILL_PROOF,2024-11-11 03:10:00,C1_OB_FVG,2024-11-11 03:35:00,28,6,True,M5
18,1,1,BEARISH,D1-20241108-BEARISH,MIDPOINT_REACHED_NOT_FILL_PROOF,2024-11-11 02:22:00,C2_FVG_BREAKER,2024-11-11 02:24:00,159,29,True,M1
2,1,1,BEARISH,D1-20241120-BEARISH,MIDPOINT_REACHED_NOT_FILL_PROOF,2024-11-21 17:00:00,C2_FVG_BREAKER,2024-11-21 17:30:00,7,2,True,M15
7,1,1,BEARISH,D1-20241120-BEARISH,MIDPOINT_REACHED_NOT_FILL_PROOF,2024-11-21 02:40:00,C2_FVG_BREAKER,2024-11-21 02:45:00,27,7,True,M5
24,1,1,BEARISH,D1-20241120-BEARISH,MIDPOINT_REACHED_NOT_FILL_PROOF,2024-11-21 01:13:00,C1_OB_FVG,2024-11-21 01:27:00,169,28,True,M1
0,0,0,BEARISH,D1-20241205-BEARISH,NO_COMPLETE_TECHNICAL_SETUP,,,,3,1,False,M15
0,0,0,BEARISH,D1-20241205-BEARISH,NO_COMPLETE_TECHNICAL_SETUP,,,,13,1,False,M5
8,1,1,BEARISH,D1-20241205-BEARISH,MIDPOINT_REACHED_NOT_FILL_PROOF,2024-12-06 12:45:00,C1_OB_FVG,2024-12-06 14:15:00,90,23,True,M1
0,1,0,BEARISH,D1-20250129-BEARISH,MIDPOINT_REACHED_NOT_FILL_PROOF,2025-01-30 17:30:00,C1_OB_FVG,2025-01-30 22:00:00,8,2,True,M15
5,1,1,BEARISH,D1-20250129-BEARISH,MIDPOINT_REACHED_NOT_FILL_PROOF,2025-01-30 09:10:00,C1_OB_FVG,2025-01-30 09:15:00,24,6,True,M5
21,1,1,BEARISH,D1-20250129-BEARISH,MIDPOINT_REACHED_NOT_FILL_PROOF,2025-01-30 08:11:00,C2_FVG_BREAKER,2025-01-30 09:35:00,118,20,True,M1
1,1,1,BULLISH,D1-20250304-BULLISH,MIDPOINT_REACHED_NOT_FILL_PROOF,2025-03-05 10:30:00,C1_OB_FVG,2025-03-05 11:00:00,9,3,True,M15
3,1,1,BULLISH,D1-20250304-BULLISH,MIDPOINT_REACHED_NOT_FILL_PROOF,2025-03-05 08:00:00,C2_FVG_BREAKER,2025-03-05 08:05:00,25,7,True,M5
21,1,1,BULLISH,D1-20250304-BULLISH,MIDPOINT_REACHED_NOT_FILL_PROOF,2025-03-05 01:03:00,C2_FVG_BREAKER,2025-03-05 02:22:00,173,26,True,M1
0,1,0,BEARISH,D1-20250515-BEARISH,MIDPOINT_REACHED_NOT_FILL_PROOF,2025-05-16 17:45:00,C1_OB_FVG,2025-05-16 18:00:00,7,3,True,M15
2,1,1,BEARISH,D1-20250515-BEARISH,MIDPOINT_REACHED_NOT_FILL_PROOF,2025-05-16 03:50:00,C1_OB_FVG,2025-05-16 05:35:00,28,6,True,M5
28,1,1,BEARISH,D1-20250515-BEARISH,MIDPOINT_REACHED_NOT_FILL_PROOF,2025-05-16 01:01:00,C1_OB_FVG,2025-05-16 01:10:00,171,29,True,M1
1,0,1,BEARISH,D1-20250604-BEARISH,MIDPOINT_REACHED_NOT_FILL_PROOF,2025-06-05 17:15:00,C2_FVG_BREAKER,2025-06-05 17:30:00,12,1,True,M15
2,1,1,BEARISH,D1-20250604-BEARISH,MIDPOINT_REACHED_NOT_FILL_PROOF,2025-06-05 08:05:00,C1_OB_FVG,2025-06-05 10:05:00,37,5,True,M5
19,1,1,BEARISH,D1-20250604-BEARISH,MIDPOINT_REACHED_NOT_FILL_PROOF,2025-06-05 01:02:00,C1_OB_FVG,2025-06-05 01:05:00,179,37,True,M1
1,1,1,BEARISH,D1-20250609-BEARISH,MIDPOINT_REACHED_NOT_FILL_PROOF,2025-06-10 07:30:00,C1_OB_FVG,2025-06-10 22:00:00,8,3,True,M15
0,1,0,BEARISH,D1-20250609-BEARISH,MIDPOINT_REACHED_NOT_FILL_PROOF,2025-06-10 03:05:00,C1_OB_FVG,2025-06-10 03:25:00,23,10,True,M5
12,1,1,BEARISH,D1-20250609-BEARISH,MIDPOINT_REACHED_NOT_FILL_PROOF,2025-06-10 03:02:00,C2_FVG_BREAKER,2025-06-10 03:17:00,152,28,True,M1
2,0,1,BEARISH,D1-20250715-BEARISH,MIDPOINT_REACHED_NOT_FILL_PROOF,2025-07-16 17:00:00,C2_FVG_BREAKER,2025-07-16 18:00:00,7,1,True,M15
2,1,1,BEARISH,D1-20250715-BEARISH,MIDPOINT_REACHED_NOT_FILL_PROOF,2025-07-16 08:15:00,C2_FVG_BREAKER,2025-07-16 08:20:00,25,6,True,M5
16,1,1,BEARISH,D1-20250715-BEARISH,MIDPOINT_REACHED_NOT_FILL_PROOF,2025-07-16 01:12:00,C2_FVG_BREAKER,2025-07-16 01:28:00,151,28,True,M1
0,0,0,BEARISH,D1-20250718-BEARISH,NO_COMPLETE_TECHNICAL_SETUP,,,,13,2,False,M15
3,1,1,BEARISH,D1-20250718-BEARISH,MIDPOINT_REACHED_NOT_FILL_PROOF,2025-07-21 07:10:00,C2_FVG_BREAKER,2025-07-21 07:15:00,30,5,True,M5
20,1,1,BEARISH,D1-20250718-BEARISH,MIDPOINT_REACHED_NOT_FILL_PROOF,2025-07-21 03:27:00,C1_OB_FVG,2025-07-21 03:29:00,171,33,True,M1
1,1,1,BEARISH,D1-20250813-BEARISH,MIDPOINT_REACHED_NOT_FILL_PROOF,2025-08-14 15:45:00,C1_OB_FVG,2025-08-14 17:00:00,8,2,True,M15
6,1,1,BEARISH,D1-20250813-BEARISH,MIDPOINT_REACHED_NOT_FILL_PROOF,2025-08-14 07:05:00,C2_FVG_BREAKER,2025-08-14 07:15:00,29,5,True,M5
25,1,1,BEARISH,D1-20250813-BEARISH,MIDPOINT_REACHED_NOT_FILL_PROOF,2025-08-14 04:06:00,C1_OB_FVG,2025-08-14 04:12:00,141,24,True,M1
3,1,1,BEARISH,D1-20251021-BEARISH,MIDPOINT_REACHED_NOT_FILL_PROOF,2025-10-22 06:30:00,C2_FVG_BREAKER,2025-10-22 07:00:00,10,4,True,M15
2,1,1,BEARISH,D1-20251021-BEARISH,MIDPOINT_REACHED_NOT_FILL_PROOF,2025-10-22 08:30:00,C1_OB_FVG,2025-10-22 09:15:00,34,8,True,M5
12,1,1,BEARISH,D1-20251021-BEARISH,MIDPOINT_REACHED_NOT_FILL_PROOF,2025-10-22 02:02:00,C1_OB_FVG,2025-10-22 05:10:00,173,30,True,M1
2,1,1,BEARISH,D1-20260112-BEARISH,MIDPOINT_REACHED_NOT_FILL_PROOF,2026-01-13 17:30:00,C1_OB_FVG,2026-01-13 18:45:00,13,1,True,M15
3,1,1,BEARISH,D1-20260112-BEARISH,MIDPOINT_REACHED_NOT_FILL_PROOF,2026-01-13 01:50:00,C1_OB_FVG,2026-01-13 08:35:00,37,12,True,M5
23,1,1,BEARISH,D1-20260112-BEARISH,MIDPOINT_REACHED_NOT_FILL_PROOF,2026-01-13 01:29:00,C1_OB_FVG,2026-01-13 11:19:00,176,26,True,M1
0,0,0,BULLISH,D1-20260227-BULLISH,NO_COMPLETE_TECHNICAL_SETUP,,,,8,1,False,M15
1,0,1,BULLISH,D1-20260227-BULLISH,MIDPOINT_REACHED_NOT_FILL_PROOF,2026-03-02 12:45:00,C2_FVG_BREAKER,2026-03-02 12:50:00,23,6,True,M5
20,1,1,BULLISH,D1-20260227-BULLISH,MIDPOINT_REACHED_NOT_FILL_PROOF,2026-03-02 02:47:00,C2_FVG_BREAKER,2026-03-02 06:21:00,143,20,True,M1
0,0,0,BULLISH,D1-20260319-BULLISH,NO_COMPLETE_TECHNICAL_SETUP,,,,7,1,False,M15
2,1,1,BULLISH,D1-20260319-BULLISH,MIDPOINT_REACHED_NOT_FILL_PROOF,2026-03-20 02:10:00,C1_OB_FVG,2026-03-20 02:20:00,33,7,True,M5
22,1,1,BULLISH,D1-20260319-BULLISH,MIDPOINT_REACHED_NOT_FILL_PROOF,2026-03-20 02:07:00,C2_FVG_BREAKER,2026-03-20 02:11:00,164,35,True,M1
0,0,0,BEARISH,D1-20260421-BEARISH,NO_COMPLETE_TECHNICAL_SETUP,,,,7,0,False,M15
1,1,1,BEARISH,D1-20260421-BEARISH,MIDPOINT_REACHED_NOT_FILL_PROOF,2026-04-22 11:25:00,C1_OB_FVG,2026-04-22 12:05:00,19,3,True,M5
17,1,1,BEARISH,D1-20260421-BEARISH,MIDPOINT_REACHED_NOT_FILL_PROOF,2026-04-22 01:52:00,C1_OB_FVG,2026-04-22 02:02:00,141,29,True,M1
1,0,1,BEARISH,D1-20260522-BEARISH,MIDPOINT_REACHED_NOT_FILL_PROOF,2026-05-25 18:00:00,C2_FVG_BREAKER,2026-05-25 18:15:00,4,1,True,M15
1,0,1,BEARISH,D1-20260522-BEARISH,MIDPOINT_REACHED_NOT_FILL_PROOF,2026-05-25 17:55:00,C2_FVG_BREAKER,2026-05-25 18:15:00,7,1,True,M5
10,1,1,BEARISH,D1-20260522-BEARISH,MIDPOINT_REACHED_NOT_FILL_PROOF,2026-05-25 13:04:00,C1_OB_FVG,2026-05-25 13:07:00,56,14,True,M1
0,0,0,BEARISH,D1-20171004-BEARISH,NO_HIERARCHICAL_TECHNICAL_SETUP,,,,0,0,False,HIERARCHICAL_M15_M5_M1
0,0,0,BEARISH,D1-20171006-BEARISH,NO_HIERARCHICAL_TECHNICAL_SETUP,,,,0,0,False,HIERARCHICAL_M15_M5_M1
0,0,0,BEARISH,D1-20171101-BEARISH,NO_HIERARCHICAL_TECHNICAL_SETUP,,,,0,0,False,HIERARCHICAL_M15_M5_M1
0,0,0,BEARISH,D1-20171123-BEARISH,NO_HIERARCHICAL_TECHNICAL_SETUP,,,,0,0,False,HIERARCHICAL_M15_M5_M1
0,0,0,BEARISH,D1-20180216-BEARISH,NO_HIERARCHICAL_TECHNICAL_SETUP,,,,0,0,False,HIERARCHICAL_M15_M5_M1
0,0,0,BULLISH,D1-20180423-BULLISH,NO_HIERARCHICAL_TECHNICAL_SETUP,,,,0,0,False,HIERARCHICAL_M15_M5_M1
0,0,0,BEARISH,D1-20180511-BEARISH,NO_HIERARCHICAL_TECHNICAL_SETUP,,,,0,0,False,HIERARCHICAL_M15_M5_M1
0,0,0,BEARISH,D1-20180613-BEARISH,NO_HIERARCHICAL_TECHNICAL_SETUP,,,,0,0,False,HIERARCHICAL_M15_M5_M1
0,0,0,BEARISH,D1-20180718-BEARISH,NO_HIERARCHICAL_TECHNICAL_SETUP,,,,0,0,False,HIERARCHICAL_M15_M5_M1
0,0,0,BEARISH,D1-20180808-BEARISH,NO_HIERARCHICAL_TECHNICAL_SETUP,,,,0,0,False,HIERARCHICAL_M15_M5_M1
0,0,0,BEARISH,D1-20180823-BEARISH,NO_HIERARCHICAL_TECHNICAL_SETUP,,,,0,0,False,HIERARCHICAL_M15_M5_M1
0,0,0,BEARISH,D1-20180914-BEARISH,NO_HIERARCHICAL_TECHNICAL_SETUP,,,,0,0,False,HIERARCHICAL_M15_M5_M1
0,0,1,BEARISH,D1-20190219-BEARISH,HIERARCHICAL_MIDPOINT_REACHED_NOT_FILL_PROOF,2019-02-20 21:13:00,C2_FVG_BREAKER,2019-02-20 21:33:00,0,0,True,HIERARCHICAL_M15_M5_M1
0,0,0,BEARISH,D1-20190411-BEARISH,NO_HIERARCHICAL_TECHNICAL_SETUP,,,,0,0,False,HIERARCHICAL_M15_M5_M1
0,0,0,BEARISH,D1-20190711-BEARISH,NO_HIERARCHICAL_TECHNICAL_SETUP,,,,0,0,False,HIERARCHICAL_M15_M5_M1
0,0,0,BULLISH,D1-20190815-BULLISH,NO_HIERARCHICAL_TECHNICAL_SETUP,,,,0,0,False,HIERARCHICAL_M15_M5_M1
0,0,0,BEARISH,D1-20190906-BEARISH,NO_HIERARCHICAL_TECHNICAL_SETUP,,,,0,0,False,HIERARCHICAL_M15_M5_M1
0,0,0,BEARISH,D1-20191119-BEARISH,NO_HIERARCHICAL_TECHNICAL_SETUP,,,,0,0,False,HIERARCHICAL_M15_M5_M1
0,0,0,BEARISH,D1-20191122-BEARISH,NO_HIERARCHICAL_TECHNICAL_SETUP,,,,0,0,False,HIERARCHICAL_M15_M5_M1
0,0,0,BEARISH,D1-20191213-BEARISH,NO_HIERARCHICAL_TECHNICAL_SETUP,,,,0,0,False,HIERARCHICAL_M15_M5_M1
0,0,0,BEARISH,D1-20191217-BEARISH,NO_HIERARCHICAL_TECHNICAL_SETUP,,,,0,0,False,HIERARCHICAL_M15_M5_M1
0,0,0,BEARISH,D1-20200107-BEARISH,NO_HIERARCHICAL_TECHNICAL_SETUP,,,,0,0,False,HIERARCHICAL_M15_M5_M1
0,0,0,BEARISH,D1-20200114-BEARISH,NO_HIERARCHICAL_TECHNICAL_SETUP,,,,0,0,False,HIERARCHICAL_M15_M5_M1
0,0,1,BEARISH,D1-20200129-BEARISH,HIERARCHICAL_MIDPOINT_REACHED_NOT_FILL_PROOF,2020-01-30 20:51:00,C2_FVG_BREAKER,2020-01-30 20:53:00,0,0,True,HIERARCHICAL_M15_M5_M1
0,0,0,BEARISH,D1-20200213-BEARISH,NO_HIERARCHICAL_TECHNICAL_SETUP,,,,0,0,False,HIERARCHICAL_M15_M5_M1
0,0,0,BULLISH,D1-20200402-BULLISH,NO_HIERARCHICAL_TECHNICAL_SETUP,,,,0,0,False,HIERARCHICAL_M15_M5_M1
0,0,1,BEARISH,D1-20200423-BEARISH,HIERARCHICAL_MIDPOINT_REACHED_NOT_FILL_PROOF,2020-04-24 17:57:00,C2_FVG_BREAKER,2020-04-24 18:21:00,0,0,True,HIERARCHICAL_M15_M5_M1
0,0,0,BEARISH,D1-20200506-BEARISH,NO_HIERARCHICAL_TECHNICAL_SETUP,,,,0,0,False,HIERARCHICAL_M15_M5_M1
0,0,0,BEARISH,D1-20200721-BEARISH,NO_HIERARCHICAL_TECHNICAL_SETUP,,,,0,0,False,HIERARCHICAL_M15_M5_M1
0,0,0,BEARISH,D1-20200813-BEARISH,NO_HIERARCHICAL_TECHNICAL_SETUP,,,,0,0,False,HIERARCHICAL_M15_M5_M1
0,0,0,BEARISH,D1-20201013-BEARISH,NO_HIERARCHICAL_TECHNICAL_SETUP,,,,0,0,False,HIERARCHICAL_M15_M5_M1
0,0,0,BEARISH,D1-20201112-BEARISH,NO_HIERARCHICAL_TECHNICAL_SETUP,,,,0,0,False,HIERARCHICAL_M15_M5_M1
0,0,0,BEARISH,D1-20201126-BEARISH,NO_HIERARCHICAL_TECHNICAL_SETUP,,,,0,0,False,HIERARCHICAL_M15_M5_M1
0,0,0,BEARISH,D1-20201218-BEARISH,NO_HIERARCHICAL_TECHNICAL_SETUP,,,,0,0,False,HIERARCHICAL_M15_M5_M1
0,0,1,BULLISH,D1-20210325-BULLISH,HIERARCHICAL_MIDPOINT_REACHED_NOT_FILL_PROOF,2021-03-26 22:02:00,C2_FVG_BREAKER,2021-03-26 22:04:00,0,0,True,HIERARCHICAL_M15_M5_M1
0,0,0,BEARISH,D1-20210608-BEARISH,NO_HIERARCHICAL_TECHNICAL_SETUP,,,,0,0,False,HIERARCHICAL_M15_M5_M1
0,0,0,BEARISH,D1-20210831-BEARISH,NO_HIERARCHICAL_TECHNICAL_SETUP,,,,0,0,False,HIERARCHICAL_M15_M5_M1
0,0,0,BEARISH,D1-20210916-BEARISH,NO_HIERARCHICAL_TECHNICAL_SETUP,,,,0,0,False,HIERARCHICAL_M15_M5_M1
0,0,0,BEARISH,D1-20211105-BEARISH,NO_HIERARCHICAL_TECHNICAL_SETUP,,,,0,0,False,HIERARCHICAL_M15_M5_M1
0,0,0,BEARISH,D1-20211228-BEARISH,NO_HIERARCHICAL_TECHNICAL_SETUP,,,,0,0,False,HIERARCHICAL_M15_M5_M1
0,0,0,BULLISH,D1-20220114-BULLISH,NO_HIERARCHICAL_TECHNICAL_SETUP,,,,0,0,False,HIERARCHICAL_M15_M5_M1
0,0,1,BULLISH,D1-20220124-BULLISH,HIERARCHICAL_MIDPOINT_REACHED_NOT_FILL_PROOF,2022-01-25 21:41:00,C2_FVG_BREAKER,2022-01-25 22:08:00,0,0,True,HIERARCHICAL_M15_M5_M1
0,0,0,BULLISH,D1-20220425-BULLISH,NO_HIERARCHICAL_TECHNICAL_SETUP,,,,0,0,False,HIERARCHICAL_M15_M5_M1
0,0,0,BULLISH,D1-20220502-BULLISH,NO_HIERARCHICAL_TECHNICAL_SETUP,,,,0,0,False,HIERARCHICAL_M15_M5_M1
0,0,0,BULLISH,D1-20220519-BULLISH,NO_HIERARCHICAL_TECHNICAL_SETUP,,,,0,0,False,HIERARCHICAL_M15_M5_M1
0,0,0,BULLISH,D1-20220614-BULLISH,NO_HIERARCHICAL_TECHNICAL_SETUP,,,,0,0,False,HIERARCHICAL_M15_M5_M1
0,0,0,BULLISH,D1-20220629-BULLISH,NO_HIERARCHICAL_TECHNICAL_SETUP,,,,0,0,False,HIERARCHICAL_M15_M5_M1
0,0,0,BEARISH,D1-20220811-BEARISH,NO_HIERARCHICAL_TECHNICAL_SETUP,,,,0,0,False,HIERARCHICAL_M15_M5_M1
0,0,0,BULLISH,D1-20220914-BULLISH,NO_HIERARCHICAL_TECHNICAL_SETUP,,,,0,0,False,HIERARCHICAL_M15_M5_M1
0,0,0,BULLISH,D1-20220916-BULLISH,NO_HIERARCHICAL_TECHNICAL_SETUP,,,,0,0,False,HIERARCHICAL_M15_M5_M1
0,0,0,BULLISH,D1-20221020-BULLISH,NO_HIERARCHICAL_TECHNICAL_SETUP,,,,0,0,False,HIERARCHICAL_M15_M5_M1
0,0,0,BEARISH,D1-20221201-BEARISH,NO_HIERARCHICAL_TECHNICAL_SETUP,,,,0,0,False,HIERARCHICAL_M15_M5_M1
0,0,0,BEARISH,D1-20230306-BEARISH,NO_HIERARCHICAL_TECHNICAL_SETUP,,,,0,0,False,HIERARCHICAL_M15_M5_M1
0,0,0,BEARISH,D1-20230317-BEARISH,NO_HIERARCHICAL_TECHNICAL_SETUP,,,,0,0,False,HIERARCHICAL_M15_M5_M1
0,0,1,BEARISH,D1-20230410-BEARISH,HIERARCHICAL_MIDPOINT_REACHED_NOT_FILL_PROOF,2023-04-11 16:32:00,C2_FVG_BREAKER,2023-04-11 16:35:00,0,0,True,HIERARCHICAL_M15_M5_M1
0,0,0,BEARISH,D1-20230414-BEARISH,NO_HIERARCHICAL_TECHNICAL_SETUP,,,,0,0,False,HIERARCHICAL_M15_M5_M1
0,0,0,BEARISH,D1-20230428-BEARISH,NO_HIERARCHICAL_TECHNICAL_SETUP,,,,0,0,False,HIERARCHICAL_M15_M5_M1
0,0,0,BEARISH,D1-20230501-BEARISH,NO_HIERARCHICAL_TECHNICAL_SETUP,,,,0,0,False,HIERARCHICAL_M15_M5_M1
0,0,1,BEARISH,D1-20230605-BEARISH,HIERARCHICAL_MIDPOINT_REACHED_NOT_FILL_PROOF,2023-06-06 20:19:00,C2_FVG_BREAKER,2023-06-06 20:31:00,0,0,True,HIERARCHICAL_M15_M5_M1
0,0,0,BEARISH,D1-20230714-BEARISH,NO_HIERARCHICAL_TECHNICAL_SETUP,,,,0,0,False,HIERARCHICAL_M15_M5_M1
0,0,0,BEARISH,D1-20230719-BEARISH,NO_HIERARCHICAL_TECHNICAL_SETUP,,,,0,0,False,HIERARCHICAL_M15_M5_M1
0,0,0,BEARISH,D1-20230731-BEARISH,NO_HIERARCHICAL_TECHNICAL_SETUP,,,,0,0,False,HIERARCHICAL_M15_M5_M1
0,0,0,BEARISH,D1-20230901-BEARISH,NO_HIERARCHICAL_TECHNICAL_SETUP,,,,0,0,False,HIERARCHICAL_M15_M5_M1
0,0,0,BULLISH,D1-20230927-BULLISH,NO_HIERARCHICAL_TECHNICAL_SETUP,,,,0,0,False,HIERARCHICAL_M15_M5_M1
0,0,0,BEARISH,D1-20231115-BEARISH,NO_HIERARCHICAL_TECHNICAL_SETUP,,,,0,0,False,HIERARCHICAL_M15_M5_M1
0,0,0,BEARISH,D1-20231129-BEARISH,NO_HIERARCHICAL_TECHNICAL_SETUP,,,,0,0,False,HIERARCHICAL_M15_M5_M1
0,0,0,BEARISH,D1-20231214-BEARISH,NO_HIERARCHICAL_TECHNICAL_SETUP,,,,0,0,False,HIERARCHICAL_M15_M5_M1
0,0,1,BEARISH,D1-20240122-BEARISH,HIERARCHICAL_MIDPOINT_REACHED_NOT_FILL_PROOF,2024-01-23 17:18:00,C2_FVG_BREAKER,2024-01-23 17:39:00,0,0,True,HIERARCHICAL_M15_M5_M1
0,0,1,BEARISH,D1-20240507-BEARISH,HIERARCHICAL_MIDPOINT_REACHED_NOT_FILL_PROOF,2024-05-08 18:17:00,C2_FVG_BREAKER,2024-05-08 18:29:00,0,0,True,HIERARCHICAL_M15_M5_M1
0,0,0,BEARISH,D1-20240516-BEARISH,NO_HIERARCHICAL_TECHNICAL_SETUP,,,,0,0,False,HIERARCHICAL_M15_M5_M1
0,0,0,BEARISH,D1-20240618-BEARISH,NO_HIERARCHICAL_TECHNICAL_SETUP,,,,0,0,False,HIERARCHICAL_M15_M5_M1
0,0,0,BEARISH,D1-20240626-BEARISH,NO_HIERARCHICAL_TECHNICAL_SETUP,,,,0,0,False,HIERARCHICAL_M15_M5_M1
0,0,1,BEARISH,D1-20241108-BEARISH,HIERARCHICAL_MIDPOINT_REACHED_NOT_FILL_PROOF,2024-11-11 17:44:00,C2_FVG_BREAKER,2024-11-11 17:54:00,0,0,True,HIERARCHICAL_M15_M5_M1
0,0,0,BEARISH,D1-20241120-BEARISH,NO_HIERARCHICAL_TECHNICAL_SETUP,,,,0,0,False,HIERARCHICAL_M15_M5_M1
0,0,0,BEARISH,D1-20241205-BEARISH,NO_HIERARCHICAL_TECHNICAL_SETUP,,,,0,0,False,HIERARCHICAL_M15_M5_M1
0,0,0,BEARISH,D1-20250129-BEARISH,NO_HIERARCHICAL_TECHNICAL_SETUP,,,,0,0,False,HIERARCHICAL_M15_M5_M1
0,0,0,BULLISH,D1-20250304-BULLISH,NO_HIERARCHICAL_TECHNICAL_SETUP,,,,0,0,False,HIERARCHICAL_M15_M5_M1
0,0,0,BEARISH,D1-20250515-BEARISH,NO_HIERARCHICAL_TECHNICAL_SETUP,,,,0,0,False,HIERARCHICAL_M15_M5_M1
0,0,0,BEARISH,D1-20250604-BEARISH,NO_HIERARCHICAL_TECHNICAL_SETUP,,,,0,0,False,HIERARCHICAL_M15_M5_M1
0,0,0,BEARISH,D1-20250609-BEARISH,NO_HIERARCHICAL_TECHNICAL_SETUP,,,,0,0,False,HIERARCHICAL_M15_M5_M1
0,0,0,BEARISH,D1-20250715-BEARISH,NO_HIERARCHICAL_TECHNICAL_SETUP,,,,0,0,False,HIERARCHICAL_M15_M5_M1
0,0,0,BEARISH,D1-20250718-BEARISH,NO_HIERARCHICAL_TECHNICAL_SETUP,,,,0,0,False,HIERARCHICAL_M15_M5_M1
0,0,1,BEARISH,D1-20250813-BEARISH,HIERARCHICAL_MIDPOINT_REACHED_NOT_FILL_PROOF,2025-08-14 22:24:00,C2_FVG_BREAKER,2025-08-14 22:39:00,0,0,True,HIERARCHICAL_M15_M5_M1
0,0,0,BEARISH,D1-20251021-BEARISH,NO_HIERARCHICAL_TECHNICAL_SETUP,,,,0,0,False,HIERARCHICAL_M15_M5_M1
0,0,1,BEARISH,D1-20260112-BEARISH,HIERARCHICAL_MIDPOINT_REACHED_NOT_FILL_PROOF,2026-01-13 20:10:00,C2_FVG_BREAKER,2026-01-13 20:13:00,0,0,True,HIERARCHICAL_M15_M5_M1
0,0,0,BULLISH,D1-20260227-BULLISH,NO_HIERARCHICAL_TECHNICAL_SETUP,,,,0,0,False,HIERARCHICAL_M15_M5_M1
0,0,0,BULLISH,D1-20260319-BULLISH,NO_HIERARCHICAL_TECHNICAL_SETUP,,,,0,0,False,HIERARCHICAL_M15_M5_M1
0,0,0,BEARISH,D1-20260421-BEARISH,NO_HIERARCHICAL_TECHNICAL_SETUP,,,,0,0,False,HIERARCHICAL_M15_M5_M1
0,0,0,BEARISH,D1-20260522-BEARISH,NO_HIERARCHICAL_TECHNICAL_SETUP,,,,0,0,False,HIERARCHICAL_M15_M5_M1
